symbol,names_raw,provenance,charge,cas,source_count,formula_raw,molar_mass_raw,molar_mass_unit,raw_cells,data_page
12PrDiol,"1,2-Propanediol; Propylene Glycol; Propane-1,2-diol","{""bbox_points"": [65.53215189873417, 165.39000000000001, 532.6724050632911, 210.72000000000003], ""doi"": ""10.5281/zenodo.7700024"", ""page"": 1, ""source_file"": ""GES.PDF""}",0,57-55-6,26,C(3)H(8)O(2),76.0953,source column Mol. mass (unit not stated on table),"[""0"", ""57-55-6"", ""26"", ""C(3)H(8)O(2)"", ""76.0953""]",1
35DiNitrCat-2,,"{""bbox_points"": [65.53215189873417, 229.20000000000005, 532.6724050632911, 264.0], ""doi"": ""10.5281/zenodo.7700024"", ""page"": 1, ""source_file"": ""GES.PDF""}",-2,,4,C(6)H(2)N(2)O(6),198.092,source column Mol. mass (unit not stated on table),"[""-2"", ""---"", ""4"", ""C(6)H(2)N(2)O(6)"", ""198.092""]",1
3NitrCat-2,,"{""bbox_points"": [65.53215189873417, 282.48, 532.6724050632911, 317.4], ""doi"": ""10.5281/zenodo.7700024"", ""page"": 1, ""source_file"": ""GES.PDF""}",-2,,6,C(6)H(3)N(1)O(4),153.094,source column Mol. mass (unit not stated on table),"[""-2"", ""---"", ""6"", ""C(6)H(3)N(1)O(4)"", ""153.094""]",1
Adonitol,Adonitol; Ribitol; Adonite,"{""bbox_points"": [65.53215189873417, 335.76000000000005, 532.6724050632911, 380.88], ""doi"": ""10.5281/zenodo.7700024"", ""page"": 1, ""source_file"": ""GES.PDF""}",0,488-81-3,4,C(5)H(12)O(5),152.147,source column Mol. mass (unit not stated on table),"[""0"", ""488-81-3"", ""4"", ""C(5)H(12)O(5)"", ""152.147""]",1
Ag(s),"Silver; Silver, cubic","{""bbox_points"": [65.53215189873417, 399.36, 532.6724050632911, 444.36], ""doi"": ""10.5281/zenodo.7700024"", ""page"": 1, ""source_file"": ""GES.PDF""}",0,7440-22-4,182,Ag(1),107.870,source column Mol. mass (unit not stated on table),"[""0"", ""7440-22-4"", ""182"", ""Ag(1)"", ""107.870""]",1
Ag6Sn4P12Ge6(s),Silver tin germanium phosphorous amalgam,"{""bbox_points"": [65.53215189873417, 462.84, 532.6724050632911, 507.84], ""doi"": ""10.5281/zenodo.7700024"", ""page"": 1, ""source_file"": ""GES.PDF""}",0,,1,Ag(6)Ge(6)P(12)Sn(4),1929.53,source column Mol. mass (unit not stated on table),"[""0"", ""---"", ""1"", ""Ag(6)Ge(6)P(12)Sn(4)"", ""1929.53""]",1
AlizarinRedS-3,,"{""bbox_points"": [65.53215189873417, 526.32, 532.6724050632911, 561.24], ""doi"": ""10.5281/zenodo.7700024"", ""page"": 1, ""source_file"": ""GES.PDF""}",-3,,52,C(14)H(5)O(7)S(1),317.250,source column Mol. mass (unit not stated on table),"[""-3"", ""---"", ""52"", ""C(14)H(5)O(7)S(1)"", ""317.250""]",1
Br2(l),"Bromine, liquid","{""bbox_points"": [65.53215189873417, 579.6, 532.6724050632911, 624.72], ""doi"": ""10.5281/zenodo.7700024"", ""page"": 1, ""source_file"": ""GES.PDF""}",0,,285,Br(2),159.808,source column Mol. mass (unit not stated on table),"[""0"", ""---"", ""285"", ""Br(2)"", ""159.808""]",1
BuXanthate-1,,"{""bbox_points"": [65.53215189873417, 643.2, 532.6724050632911, 678.0], ""doi"": ""10.5281/zenodo.7700024"", ""page"": 1, ""source_file"": ""GES.PDF""}",-1,,14,C(5)H(9)O(1)S(2),149.246,source column Mol. mass (unit not stated on table),"[""-1"", ""---"", ""14"", ""C(5)H(9)O(1)S(2)"", ""149.246""]",1
Citric-3,Citrate ion,"{""bbox_points"": [65.52, 57.0, 532.68, 102.12], ""doi"": ""10.5281/zenodo.7700024"", ""page"": 2, ""source_file"": ""GES.PDF""}",-3,126-44-3,1347,C(6)H(5)O(7),189.102,source column Mol. mass (unit not stated on table),"[""-3"", ""126-44-3"", ""1347"", ""C(6)H(5)O(7)"", ""189.102""]",2
Cl-1,Chloride ion,"{""bbox_points"": [65.52, 120.60000000000002, 532.68, 165.60000000000002], ""doi"": ""10.5281/zenodo.7700024"", ""page"": 2, ""source_file"": ""GES.PDF""}",-1,16887-00-6,2242,Cl(1),35.4530,source column Mol. mass (unit not stated on table),"[""-1"", ""16887-00-6"", ""2242"", ""Cl(1)"", ""35.4530""]",2
Cl2(g),Chlorine gas,"{""bbox_points"": [65.52, 184.08000000000004, 532.68, 229.20000000000005], ""doi"": ""10.5281/zenodo.7700024"", ""page"": 2, ""source_file"": ""GES.PDF""}",0,7782-50-5,589,Cl(2),70.9060,source column Mol. mass (unit not stated on table),"[""0"", ""7782-50-5"", ""589"", ""Cl(2)"", ""70.9060""]",2
DArabinose,D-Arabinose; D(-)-Arabinose; Arabinose D-,"{""bbox_points"": [65.52, 247.56000000000003, 532.68, 292.68], ""doi"": ""10.5281/zenodo.7700024"", ""page"": 2, ""source_file"": ""GES.PDF""}",0,28697-53-2,4,C(5)H(10)O(5),150.131,source column Mol. mass (unit not stated on table),"[""0"", ""28697-53-2"", ""4"", ""C(5)H(10)O(5)"", ""150.131""]",2
DFructose,"D-Fructose; D(-)-Fructose; Fructose D-; D-Levulose; Levulose D; Fruit Sugar; Sugar
(Fructose)","{""bbox_points"": [65.52, 311.16, 532.68, 366.36], ""doi"": ""10.5281/zenodo.7700024"", ""page"": 2, ""source_file"": ""GES.PDF""}",0,57-48-7,16,C(6)H(12)O(6),180.158,source column Mol. mass (unit not stated on table),"[""0"", ""57-48-7"", ""16"", ""C(6)H(12)O(6)"", ""180.158""]",2
DGalactose,D-Galactose; D(+)-Galactose; Galactose D,"{""bbox_points"": [65.52, 384.84000000000003, 532.68, 429.84], ""doi"": ""10.5281/zenodo.7700024"", ""page"": 2, ""source_file"": ""GES.PDF""}",0,59-23-4,11,C(6)H(12)O(6),180.158,source column Mol. mass (unit not stated on table),"[""0"", ""59-23-4"", ""11"", ""C(6)H(12)O(6)"", ""180.158""]",2
DGlucose,,"{""bbox_points"": [65.52, 448.32, 532.68, 483.23999999999995], ""doi"": ""10.5281/zenodo.7700024"", ""page"": 2, ""source_file"": ""GES.PDF""}",0,,22,C(6)H(12)O(6),180.158,source column Mol. mass (unit not stated on table),"[""0"", ""---"", ""22"", ""C(6)H(12)O(6)"", ""180.158""]",2
DLyxose,D-Lyxose; alpha-D-Lyxose; Lyxsose D,"{""bbox_points"": [65.52, 501.6, 532.68, 546.72], ""doi"": ""10.5281/zenodo.7700024"", ""page"": 2, ""source_file"": ""GES.PDF""}",0,1114-34-7,7,C(5)H(10)O(5),150.131,source column Mol. mass (unit not stated on table),"[""0"", ""1114-34-7"", ""7"", ""C(5)H(10)O(5)"", ""150.131""]",2
DMannitol,D-Mannitol; Mannitol,"{""bbox_points"": [65.52, 565.2, 532.68, 610.2], ""doi"": ""10.5281/zenodo.7700024"", ""page"": 2, ""source_file"": ""GES.PDF""}",0,,20,C(6)H(14)O(6),182.174,source column Mol. mass (unit not stated on table),"[""0"", ""---"", ""20"", ""C(6)H(14)O(6)"", ""182.174""]",2
DMannose,D-Mannose; Seminose; Carubinose,"{""bbox_points"": [65.52, 628.68, 532.68, 673.6800000000001], ""doi"": ""10.5281/zenodo.7700024"", ""page"": 2, ""source_file"": ""GES.PDF""}",0,3458-28-4,16,C(6)H(12)O(6),180.158,source column Mol. mass (unit not stated on table),"[""0"", ""3458-28-4"", ""16"", ""C(6)H(12)O(6)"", ""180.158""]",2
DRibose,D-Ribose; D(-)-Ribose; Ribose D,"{""bbox_points"": [65.52, 57.0, 532.68, 102.12], ""doi"": ""10.5281/zenodo.7700024"", ""page"": 3, ""source_file"": ""GES.PDF""}",0,50-69-1,6,C(5)H(10)O(5),150.131,source column Mol. mass (unit not stated on table),"[""0"", ""50-69-1"", ""6"", ""C(5)H(10)O(5)"", ""150.131""]",3
DSorbitol,D-Sorbitol; Sorbitol; D-Glucitol; Glucitol; L-Gulitol,"{""bbox_points"": [65.52, 120.60000000000002, 532.68, 165.60000000000002], ""doi"": ""10.5281/zenodo.7700024"", ""page"": 3, ""source_file"": ""GES.PDF""}",0,50-70-4,12,C(6)H(14)O(6),182.174,source column Mol. mass (unit not stated on table),"[""0"", ""50-70-4"", ""12"", ""C(6)H(14)O(6)"", ""182.174""]",3
DXylose,D-Xylose; D(+)-Xylose; Xylose D,"{""bbox_points"": [65.52, 184.08000000000004, 532.68, 229.20000000000005], ""doi"": ""10.5281/zenodo.7700024"", ""page"": 3, ""source_file"": ""GES.PDF""}",0,58-86-6,4,C(5)H(10)O(5),150.131,source column Mol. mass (unit not stated on table),"[""0"", ""58-86-6"", ""4"", ""C(5)H(10)O(5)"", ""150.131""]",3
e-1,Electron,"{""bbox_points"": [65.52, 247.56000000000003, 532.68, 292.68], ""doi"": ""10.5281/zenodo.7700024"", ""page"": 3, ""source_file"": ""GES.PDF""}",-1,,3399,E(1),0.000000,source column Mol. mass (unit not stated on table),"[""-1"", ""---"", ""3399"", ""E(1)"", ""0.000000""]",3
EDTA-4,Ethylenediaminetetraacetate anion,"{""bbox_points"": [65.52, 311.16, 532.68, 356.16], ""doi"": ""10.5281/zenodo.7700024"", ""page"": 3, ""source_file"": ""GES.PDF""}",-4,,1457,C(10)H(12)N(2)O(8),288.214,source column Mol. mass (unit not stated on table),"[""-4"", ""---"", ""1457"", ""C(10)H(12)N(2)O(8)"", ""288.214""]",3
EtGlycol,"Ethylene glycol; Ethanediol; Ethane-1,2-diol","{""bbox_points"": [65.52, 374.64, 532.68, 419.64000000000004], ""doi"": ""10.5281/zenodo.7700024"", ""page"": 3, ""source_file"": ""GES.PDF""}",0,107-21-1,26,C(2)H(6)O(2),62.0684,source column Mol. mass (unit not stated on table),"[""0"", ""107-21-1"", ""26"", ""C(2)H(6)O(2)"", ""62.0684""]",3
F-1,Fluoride ion,"{""bbox_points"": [65.52, 438.12, 532.68, 483.23999999999995], ""doi"": ""10.5281/zenodo.7700024"", ""page"": 3, ""source_file"": ""GES.PDF""}",-1,16984-48-8,1090,F(1),18.9984,source column Mol. mass (unit not stated on table),"[""-1"", ""16984-48-8"", ""1090"", ""F(1)"", ""18.9984""]",3
F2(g),Fluorine gas,"{""bbox_points"": [65.52, 501.6, 532.68, 546.72], ""doi"": ""10.5281/zenodo.7700024"", ""page"": 3, ""source_file"": ""GES.PDF""}",0,7782-41-4,259,F(2),37.9968,source column Mol. mass (unit not stated on table),"[""0"", ""7782-41-4"", ""259"", ""F(2)"", ""37.9968""]",3
Galactitol,Galactitol; Dulcitol,"{""bbox_points"": [65.52, 565.2, 532.68, 610.2], ""doi"": ""10.5281/zenodo.7700024"", ""page"": 3, ""source_file"": ""GES.PDF""}",0,608-66-2,6,C(6)H(14)O(6),182.174,source column Mol. mass (unit not stated on table),"[""0"", ""608-66-2"", ""6"", ""C(6)H(14)O(6)"", ""182.174""]",3
Ge+2,Germanium(II) ion,"{""bbox_points"": [65.52, 628.68, 532.68, 673.6800000000001], ""doi"": ""10.5281/zenodo.7700024"", ""page"": 3, ""source_file"": ""GES.PDF""}",2,15735-13-4,11,Ge(1),72.6300,source column Mol. mass (unit not stated on table),"[""2"", ""15735-13-4"", ""11"", ""Ge(1)"", ""72.6300""]",3
Ge+2_S-2_(s),Germanium(II) sulfide; Germanium monosulfide,"{""bbox_points"": [65.52, 57.0, 532.68, 102.12], ""doi"": ""10.5281/zenodo.7700024"", ""page"": 4, ""source_file"": ""GES.PDF""}",0,,2,Ge(1)S(1),104.690,source column Mol. mass (unit not stated on table),"[""0"", ""---"", ""2"", ""Ge(1)S(1)"", ""104.690""]",4
Ge+2_Se-2_(s),Germanium(II) selenide; Germanium monoselenide,"{""bbox_points"": [65.52, 120.60000000000002, 532.68, 165.60000000000002], ""doi"": ""10.5281/zenodo.7700024"", ""page"": 4, ""source_file"": ""GES.PDF""}",0,,1,Ge(1)Se(1),151.593,source column Mol. mass (unit not stated on table),"[""0"", ""---"", ""1"", ""Ge(1)Se(1)"", ""151.593""]",4
Ge+2_Te-2_(s),Germanium(II) telluride; Germanium monotelluride,"{""bbox_points"": [65.52, 184.08000000000004, 532.68, 229.20000000000005], ""doi"": ""10.5281/zenodo.7700024"", ""page"": 4, ""source_file"": ""GES.PDF""}",0,,1,Ge(1)Te(1),200.233,source column Mol. mass (unit not stated on table),"[""0"", ""---"", ""1"", ""Ge(1)Te(1)"", ""200.233""]",4
Ge+4,Germanium(IV) ion,"{""bbox_points"": [65.52, 247.56000000000003, 532.68, 292.68], ""doi"": ""10.5281/zenodo.7700024"", ""page"": 4, ""source_file"": ""GES.PDF""}",4,16065-84-2,141,Ge(1),72.6300,source column Mol. mass (unit not stated on table),"[""4"", ""16065-84-2"", ""141"", ""Ge(1)"", ""72.6300""]",4
Ge+4_35DiNitrCat-2(3),,"{""bbox_points"": [65.52, 311.16, 532.68, 345.96], ""doi"": ""10.5281/zenodo.7700024"", ""page"": 4, ""source_file"": ""GES.PDF""}",-2,,1,C(18)H(6)Ge(1)N(6)O(18),666.905,source column Mol. mass (unit not stated on table),"[""-2"", ""---"", ""1"", ""C(18)H(6)Ge(1)N(6)O(18)"", ""666.905""]",4
Ge+4_3NitrCat-2(3),,"{""bbox_points"": [65.52, 364.44, 532.68, 399.24], ""doi"": ""10.5281/zenodo.7700024"", ""page"": 4, ""source_file"": ""GES.PDF""}",-2,,1,C(18)H(9)Ge(1)N(3)O(12),531.912,source column Mol. mass (unit not stated on table),"[""-2"", ""---"", ""1"", ""C(18)H(9)Ge(1)N(3)O(12)"", ""531.912""]",4
Ge+4_4ClCat-2(3),,"{""bbox_points"": [65.52, 417.7200000000001, 532.68, 452.64000000000004], ""doi"": ""10.5281/zenodo.7700024"", ""page"": 4, ""source_file"": ""GES.PDF""}",-2,,1,C(18)H(9)Cl(3)Ge(1)O(6),500.255,source column Mol. mass (unit not stated on table),"[""-2"", ""---"", ""1"", ""C(18)H(9)Cl(3)Ge(1)O(6)"", ""500.255""]",4
Ge+4_4NitrCat-2(3),,"{""bbox_points"": [65.52, 471.0, 532.68, 505.91999999999996], ""doi"": ""10.5281/zenodo.7700024"", ""page"": 4, ""source_file"": ""GES.PDF""}",-2,,1,C(18)H(9)Ge(1)N(3)O(12),531.912,source column Mol. mass (unit not stated on table),"[""-2"", ""---"", ""1"", ""C(18)H(9)Ge(1)N(3)O(12)"", ""531.912""]",4
Ge+4_57DiCl8OHQuin-1(2)_OH-1(2),,"{""bbox_points"": [65.52, 524.4, 532.68, 559.2], ""doi"": ""10.5281/zenodo.7700024"", ""page"": 4, ""source_file"": ""GES.PDF""}",0,,1,C(18)H(10)Cl(4)Ge(1)N(2)O(4),532.730,source column Mol. mass (unit not stated on table),"[""0"", ""---"", ""1"", ""C(18)H(10)Cl(4)Ge(1)N(2)O(4)"", ""532.730""]",4
Ge+4_6IKoj-1(2)_OH-1(2),,"{""bbox_points"": [65.52, 577.6800000000001, 532.68, 612.6], ""doi"": ""10.5281/zenodo.7700024"", ""page"": 4, ""source_file"": ""GES.PDF""}",0,,1,C(12)H(10)Ge(1)I(2)O(10),640.635,source column Mol. mass (unit not stated on table),"[""0"", ""---"", ""1"", ""C(12)H(10)Ge(1)I(2)O(10)"", ""640.635""]",4
Ge+4_8OH2MeQuin-1(2)_OH-1(2),,"{""bbox_points"": [65.52, 630.96, 532.68, 665.88], ""doi"": ""10.5281/zenodo.7700024"", ""page"": 4, ""source_file"": ""GES.PDF""}",0,,1,C(20)H(18)Ge(1)N(2)O(4),423.004,source column Mol. mass (unit not stated on table),"[""0"", ""---"", ""1"", ""C(20)H(18)Ge(1)N(2)O(4)"", ""423.004""]",4
Ge+4_AlizarinRedS-3(3),,"{""bbox_points"": [65.52, 684.36, 532.68, 719.28], ""doi"": ""10.5281/zenodo.7700024"", ""page"": 4, ""source_file"": ""GES.PDF""}",-5,,1,C(42)H(15)Ge(1)O(21)S(3),1024.38,source column Mol. mass (unit not stated on table),"[""-5"", ""---"", ""1"", ""C(42)H(15)Ge(1)O(21)S(3)"", ""1024.38""]",5
Ge+4_Br-1(4)_(g),Germanium tetrabromide gas,"{""bbox_points"": [65.52, 75.48000000000002, 532.68, 120.60000000000002], ""doi"": ""10.5281/zenodo.7700024"", ""page"": 5, ""source_file"": ""GES.PDF""}",0,,1,Br(4)Ge(1),392.246,source column Mol. mass (unit not stated on table),"[""0"", ""---"", ""1"", ""Br(4)Ge(1)"", ""392.246""]",5
Ge+4_Br-1(4)_(l),Germanium tetrabromide liquid,"{""bbox_points"": [65.52, 138.96000000000004, 532.68, 184.08000000000004], ""doi"": ""10.5281/zenodo.7700024"", ""page"": 5, ""source_file"": ""GES.PDF""}",0,,1,Br(4)Ge(1),392.246,source column Mol. mass (unit not stated on table),"[""0"", ""---"", ""1"", ""Br(4)Ge(1)"", ""392.246""]",5
Ge+4_BuXanthate-1(2)_OH-1(2),,"{""bbox_points"": [65.52, 202.56000000000006, 532.68, 237.36000000000004], ""doi"": ""10.5281/zenodo.7700024"", ""page"": 5, ""source_file"": ""GES.PDF""}",0,,1,C(10)H(20)Ge(1)O(4)S(4),405.136,source column Mol. mass (unit not stated on table),"[""0"", ""---"", ""1"", ""C(10)H(20)Ge(1)O(4)S(4)"", ""405.136""]",5
Ge+4_Cat-2(3),,"{""bbox_points"": [65.52, 255.84000000000006, 532.68, 290.76000000000005], ""doi"": ""10.5281/zenodo.7700024"", ""page"": 5, ""source_file"": ""GES.PDF""}",-2,,1,C(18)H(12)Ge(1)O(6),396.920,source column Mol. mass (unit not stated on table),"[""-2"", ""---"", ""1"", ""C(18)H(12)Ge(1)O(6)"", ""396.920""]",5
Ge+4_Chromotropic-4(3),,"{""bbox_points"": [65.52, 309.12, 532.68, 344.04], ""doi"": ""10.5281/zenodo.7700024"", ""page"": 5, ""source_file"": ""GES.PDF""}",-8,,1,C(30)H(12)Ge(1)O(24)S(6),1021.40,source column Mol. mass (unit not stated on table),"[""-8"", ""---"", ""1"", ""C(30)H(12)Ge(1)O(24)S(6)"", ""1021.40""]",5
Ge+4_Citric-3(2),,"{""bbox_points"": [65.52, 362.52000000000004, 532.68, 397.32000000000005], ""doi"": ""10.5281/zenodo.7700024"", ""page"": 5, ""source_file"": ""GES.PDF""}",-2,,1,C(12)H(10)Ge(1)O(14),450.833,source column Mol. mass (unit not stated on table),"[""-2"", ""---"", ""1"", ""C(12)H(10)Ge(1)O(14)"", ""450.833""]",5
Ge+4_Cl-1_OH-1(3),,"{""bbox_points"": [65.52, 415.8, 532.68, 450.7200000000001], ""doi"": ""10.5281/zenodo.7700024"", ""page"": 5, ""source_file"": ""GES.PDF""}",0,,2,Cl(1)Ge(1)H(3)O(3),159.105,source column Mol. mass (unit not stated on table),"[""0"", ""---"", ""2"", ""Cl(1)Ge(1)H(3)O(3)"", ""159.105""]",5
Ge+4_Cl-1(2)_OH-1(2),,"{""bbox_points"": [65.52, 469.08000000000004, 532.68, 504.0], ""doi"": ""10.5281/zenodo.7700024"", ""page"": 5, ""source_file"": ""GES.PDF""}",0,,2,Cl(2)Ge(1)H(2)O(2),177.551,source column Mol. mass (unit not stated on table),"[""0"", ""---"", ""2"", ""Cl(2)Ge(1)H(2)O(2)"", ""177.551""]",5
Ge+4_Cl-1(3)_OH-1,,"{""bbox_points"": [65.52, 522.48, 532.68, 557.2800000000001], ""doi"": ""10.5281/zenodo.7700024"", ""page"": 5, ""source_file"": ""GES.PDF""}",0,,2,Cl(3)Ge(1)H(1)O(1),195.996,source column Mol. mass (unit not stated on table),"[""0"", ""---"", ""2"", ""Cl(3)Ge(1)H(1)O(1)"", ""195.996""]",5
Ge+4_Cl-1(4),,"{""bbox_points"": [65.52, 575.76, 532.68, 610.5600000000001], ""doi"": ""10.5281/zenodo.7700024"", ""page"": 5, ""source_file"": ""GES.PDF""}",0,,2,Cl(4)Ge(1),214.442,source column Mol. mass (unit not stated on table),"[""0"", ""---"", ""2"", ""Cl(4)Ge(1)"", ""214.442""]",5
Ge+4_Cl-1(4)_(g),Germanium tetrachloride gas,"{""bbox_points"": [65.52, 629.0400000000001, 532.68, 674.16], ""doi"": ""10.5281/zenodo.7700024"", ""page"": 5, ""source_file"": ""GES.PDF""}",0,,1,Cl(4)Ge(1),214.442,source column Mol. mass (unit not stated on table),"[""0"", ""---"", ""1"", ""Cl(4)Ge(1)"", ""214.442""]",5
Ge+4_Cl-1(4)_(l),Germanium tetrachloride,"{""bbox_points"": [65.52, 57.0, 532.68, 102.12], ""doi"": ""10.5281/zenodo.7700024"", ""page"": 6, ""source_file"": ""GES.PDF""}",0,,1,Cl(4)Ge(1),214.442,source column Mol. mass (unit not stated on table),"[""0"", ""---"", ""1"", ""Cl(4)Ge(1)"", ""214.442""]",6
Ge+4_Cl-1(6),,"{""bbox_points"": [65.52, 120.60000000000002, 532.68, 155.40000000000003], ""doi"": ""10.5281/zenodo.7700024"", ""page"": 6, ""source_file"": ""GES.PDF""}",-2,,1,Cl(6)Ge(1),285.348,source column Mol. mass (unit not stated on table),"[""-2"", ""---"", ""1"", ""Cl(6)Ge(1)"", ""285.348""]",6
Ge+4_ClKojic-1(2)_OH-1(2),,"{""bbox_points"": [65.52, 173.88, 532.68, 208.8], ""doi"": ""10.5281/zenodo.7700024"", ""page"": 6, ""source_file"": ""GES.PDF""}",0,,1,C(12)H(10)Cl(2)Ge(1)O(10),457.741,source column Mol. mass (unit not stated on table),"[""0"", ""---"", ""1"", ""C(12)H(10)Cl(2)Ge(1)O(10)"", ""457.741""]",6
Ge+4_EDTA-4,,"{""bbox_points"": [65.52, 227.16000000000003, 532.68, 262.08000000000004], ""doi"": ""10.5281/zenodo.7700024"", ""page"": 6, ""source_file"": ""GES.PDF""}",0,,2,C(10)H(12)Ge(1)N(2)O(8),360.844,source column Mol. mass (unit not stated on table),"[""0"", ""---"", ""2"", ""C(10)H(12)Ge(1)N(2)O(8)"", ""360.844""]",6
Ge+4_F-1,,"{""bbox_points"": [65.52, 280.56000000000006, 532.68, 315.36], ""doi"": ""10.5281/zenodo.7700024"", ""page"": 6, ""source_file"": ""GES.PDF""}",3,,1,F(1)Ge(1),91.6284,source column Mol. mass (unit not stated on table),"[""3"", ""---"", ""1"", ""F(1)Ge(1)"", ""91.6284""]",6
Ge+4_F-1(2),,"{""bbox_points"": [65.52, 333.84000000000003, 532.68, 368.76000000000005], ""doi"": ""10.5281/zenodo.7700024"", ""page"": 6, ""source_file"": ""GES.PDF""}",2,,1,F(2)Ge(1),110.627,source column Mol. mass (unit not stated on table),"[""2"", ""---"", ""1"", ""F(2)Ge(1)"", ""110.627""]",6
Ge+4_F-1(2)_OH-1,,"{""bbox_points"": [65.52, 387.12, 532.68, 422.0400000000001], ""doi"": ""10.5281/zenodo.7700024"", ""page"": 6, ""source_file"": ""GES.PDF""}",1,,1,F(2)Ge(1)H(1)O(1),127.634,source column Mol. mass (unit not stated on table),"[""1"", ""---"", ""1"", ""F(2)Ge(1)H(1)O(1)"", ""127.634""]",6
Ge+4_F-1(3),,"{""bbox_points"": [65.52, 440.52, 532.68, 475.32], ""doi"": ""10.5281/zenodo.7700024"", ""page"": 6, ""source_file"": ""GES.PDF""}",1,,1,F(3)Ge(1),129.625,source column Mol. mass (unit not stated on table),"[""1"", ""---"", ""1"", ""F(3)Ge(1)"", ""129.625""]",6
Ge+4_F-1(4),,"{""bbox_points"": [65.52, 493.8, 532.68, 528.6], ""doi"": ""10.5281/zenodo.7700024"", ""page"": 6, ""source_file"": ""GES.PDF""}",0,,2,F(4)Ge(1),148.624,source column Mol. mass (unit not stated on table),"[""0"", ""---"", ""2"", ""F(4)Ge(1)"", ""148.624""]",6
Ge+4_F-1(4)_(g),,"{""bbox_points"": [65.52, 547.08, 532.68, 582.0], ""doi"": ""10.5281/zenodo.7700024"", ""page"": 6, ""source_file"": ""GES.PDF""}",0,,1,F(4)Ge(1),148.624,source column Mol. mass (unit not stated on table),"[""0"", ""---"", ""1"", ""F(4)Ge(1)"", ""148.624""]",6
Ge+4_F-1(4)_OH-1,,"{""bbox_points"": [65.52, 600.36, 532.68, 635.2800000000001], ""doi"": ""10.5281/zenodo.7700024"", ""page"": 6, ""source_file"": ""GES.PDF""}",-1,,2,F(4)Ge(1)H(1)O(1),165.631,source column Mol. mass (unit not stated on table),"[""-1"", ""---"", ""2"", ""F(4)Ge(1)H(1)O(1)"", ""165.631""]",6
Ge+4_F-1(5),,"{""bbox_points"": [65.52, 653.76, 532.68, 688.5600000000001], ""doi"": ""10.5281/zenodo.7700024"", ""page"": 6, ""source_file"": ""GES.PDF""}",-1,,3,F(5)Ge(1),167.622,source column Mol. mass (unit not stated on table),"[""-1"", ""---"", ""3"", ""F(5)Ge(1)"", ""167.622""]",6
Ge+4_F-1(6),,"{""bbox_points"": [65.52, 57.0, 532.68, 91.92000000000002], ""doi"": ""10.5281/zenodo.7700024"", ""page"": 7, ""source_file"": ""GES.PDF""}",-2,,5,F(6)Ge(1),186.620,source column Mol. mass (unit not stated on table),"[""-2"", ""---"", ""5"", ""F(6)Ge(1)"", ""186.620""]",7
Ge+4_Glycolic-1(2)_OH-1(2),,"{""bbox_points"": [65.52, 110.40000000000005, 532.68, 145.20000000000005], ""doi"": ""10.5281/zenodo.7700024"", ""page"": 7, ""source_file"": ""GES.PDF""}",0,,1,C(4)H(8)Ge(1)O(8),256.733,source column Mol. mass (unit not stated on table),"[""0"", ""---"", ""1"", ""C(4)H(8)Ge(1)O(8)"", ""256.733""]",7
Ge+4_H+1_F-1(6),,"{""bbox_points"": [65.52, 163.68000000000006, 532.68, 198.60000000000002], ""doi"": ""10.5281/zenodo.7700024"", ""page"": 7, ""source_file"": ""GES.PDF""}",-1,,2,F(6)Ge(1)H(1),187.628,source column Mol. mass (unit not stated on table),"[""-1"", ""---"", ""2"", ""F(6)Ge(1)H(1)"", ""187.628""]",7
Ge+4_H+1_Mandelic-1(3),,"{""bbox_points"": [65.52, 216.96000000000004, 532.68, 251.88000000000002], ""doi"": ""10.5281/zenodo.7700024"", ""page"": 7, ""source_file"": ""GES.PDF""}",2,,2,C(24)H(22)Ge(1)O(9),527.063,source column Mol. mass (unit not stated on table),"[""2"", ""---"", ""2"", ""C(24)H(22)Ge(1)O(9)"", ""527.063""]",7
Ge+4_H+1_OH-1_EDTA-4,,"{""bbox_points"": [65.52, 270.36, 532.68, 305.16], ""doi"": ""10.5281/zenodo.7700024"", ""page"": 7, ""source_file"": ""GES.PDF""}",0,,3,C(10)H(14)Ge(1)N(2)O(9),378.859,source column Mol. mass (unit not stated on table),"[""0"", ""---"", ""3"", ""C(10)H(14)Ge(1)N(2)O(9)"", ""378.859""]",7
Ge+4_H+1_OH-1_MeEDTA-4,,"{""bbox_points"": [65.52, 323.64, 532.68, 358.56], ""doi"": ""10.5281/zenodo.7700024"", ""page"": 7, ""source_file"": ""GES.PDF""}",0,,2,C(11)H(16)Ge(1)N(2)O(9),392.886,source column Mol. mass (unit not stated on table),"[""0"", ""---"", ""2"", ""C(11)H(16)Ge(1)N(2)O(9)"", ""392.886""]",7
Ge+4_H+1(-1)_HOEDTA-3,,"{""bbox_points"": [65.52, 376.92, 532.68, 411.84], ""doi"": ""10.5281/zenodo.7700024"", ""page"": 7, ""source_file"": ""GES.PDF""}",0,,1,C(10)H(14)Ge(1)N(2)O(7),346.860,source column Mol. mass (unit not stated on table),"[""0"", ""---"", ""1"", ""C(10)H(14)Ge(1)N(2)O(7)"", ""346.860""]",7
Ge+4_H+1(-1)_OH-1(2)_Tartaric-2,,"{""bbox_points"": [65.52, 430.32, 532.68, 465.12], ""doi"": ""10.5281/zenodo.7700024"", ""page"": 7, ""source_file"": ""GES.PDF""}",-1,,2,C(4)H(5)Ge(1)O(8),253.709,source column Mol. mass (unit not stated on table),"[""-1"", ""---"", ""2"", ""C(4)H(5)Ge(1)O(8)"", ""253.709""]",7
Ge+4_H+1(-2)_2SHEtol-1(2)_OH-1,,"{""bbox_points"": [65.52, 483.6, 532.68, 518.5200000000001], ""doi"": ""10.5281/zenodo.7700024"", ""page"": 7, ""source_file"": ""GES.PDF""}",-1,,1,C(4)H(9)Ge(1)O(3)S(2),241.864,source column Mol. mass (unit not stated on table),"[""-1"", ""---"", ""1"", ""C(4)H(9)Ge(1)O(3)S(2)"", ""241.864""]",7
Ge+4_H+1(-2)_Glucosaminic-1(2)_OH-1,,"{""bbox_points"": [65.52, 536.88, 532.68, 571.8000000000001], ""doi"": ""10.5281/zenodo.7700024"", ""page"": 7, ""source_file"": ""GES.PDF""}",-1,,1,C(12)H(23)Ge(1)N(2)O(13),475.950,source column Mol. mass (unit not stated on table),"[""-1"", ""---"", ""1"", ""C(12)H(23)Ge(1)N(2)O(13)"", ""475.950""]",7
Ge+4_H+1(-2)_Glucosaminic-1(2)_OH-1(2),,"{""bbox_points"": [65.52, 590.2800000000001, 532.68, 625.08], ""doi"": ""10.5281/zenodo.7700024"", ""page"": 7, ""source_file"": ""GES.PDF""}",-2,,1,C(12)H(24)Ge(1)N(2)O(14),492.958,source column Mol. mass (unit not stated on table),"[""-2"", ""---"", ""1"", ""C(12)H(24)Ge(1)N(2)O(14)"", ""492.958""]",7
Ge+4_H+1(-2)_OH-1(2)_Tartaric-2,,"{""bbox_points"": [65.52, 643.5600000000001, 532.68, 678.36], ""doi"": ""10.5281/zenodo.7700024"", ""page"": 7, ""source_file"": ""GES.PDF""}",-2,,1,C(4)H(4)Ge(1)O(8),252.701,source column Mol. mass (unit not stated on table),"[""-2"", ""---"", ""1"", ""C(4)H(4)Ge(1)O(8)"", ""252.701""]",7
Ge+4_H+1(-4)_12PrDiol_OH-1,,"{""bbox_points"": [65.52, 57.0, 532.68, 91.92000000000002], ""doi"": ""10.5281/zenodo.7700024"", ""page"": 8, ""source_file"": ""GES.PDF""}",-1,,1,C(3)H(5)Ge(1)O(3),161.701,source column Mol. mass (unit not stated on table),"[""-1"", ""---"", ""1"", ""C(3)H(5)Ge(1)O(3)"", ""161.701""]",8
Ge+4_H+1(-4)_12PrDiol(2)_OH-1,,"{""bbox_points"": [65.52, 110.40000000000005, 532.68, 145.20000000000005], ""doi"": ""10.5281/zenodo.7700024"", ""page"": 8, ""source_file"": ""GES.PDF""}",-1,,1,C(6)H(13)Ge(1)O(5),237.796,source column Mol. mass (unit not stated on table),"[""-1"", ""---"", ""1"", ""C(6)H(13)Ge(1)O(5)"", ""237.796""]",8
Ge+4_H+1(-4)_Adonitol(2)_OH-1,,"{""bbox_points"": [65.52, 163.68000000000006, 532.68, 198.60000000000002], ""doi"": ""10.5281/zenodo.7700024"", ""page"": 8, ""source_file"": ""GES.PDF""}",-1,,2,C(10)H(21)Ge(1)O(11),389.900,source column Mol. mass (unit not stated on table),"[""-1"", ""---"", ""2"", ""C(10)H(21)Ge(1)O(11)"", ""389.900""]",8
Ge+4_H+1(-4)_DArabinose(2)_OH-1,,"{""bbox_points"": [65.52, 216.96000000000004, 532.68, 251.88000000000002], ""doi"": ""10.5281/zenodo.7700024"", ""page"": 8, ""source_file"": ""GES.PDF""}",-1,,1,C(10)H(17)Ge(1)O(11),385.868,source column Mol. mass (unit not stated on table),"[""-1"", ""---"", ""1"", ""C(10)H(17)Ge(1)O(11)"", ""385.868""]",8
Ge+4_H+1(-4)_DFructose(2)_OH-1,,"{""bbox_points"": [65.52, 270.36, 532.68, 305.16], ""doi"": ""10.5281/zenodo.7700024"", ""page"": 8, ""source_file"": ""GES.PDF""}",-1,,1,C(12)H(21)Ge(1)O(13),445.921,source column Mol. mass (unit not stated on table),"[""-1"", ""---"", ""1"", ""C(12)H(21)Ge(1)O(13)"", ""445.921""]",8
Ge+4_H+1(-4)_DGalactose(2)_OH-1,,"{""bbox_points"": [65.52, 323.64, 532.68, 358.56], ""doi"": ""10.5281/zenodo.7700024"", ""page"": 8, ""source_file"": ""GES.PDF""}",-1,,1,C(12)H(21)Ge(1)O(13),445.921,source column Mol. mass (unit not stated on table),"[""-1"", ""---"", ""1"", ""C(12)H(21)Ge(1)O(13)"", ""445.921""]",8
Ge+4_H+1(-4)_DGlucose(2)_OH-1,,"{""bbox_points"": [65.52, 376.92, 532.68, 411.84], ""doi"": ""10.5281/zenodo.7700024"", ""page"": 8, ""source_file"": ""GES.PDF""}",-1,,2,C(12)H(21)Ge(1)O(13),445.921,source column Mol. mass (unit not stated on table),"[""-1"", ""---"", ""2"", ""C(12)H(21)Ge(1)O(13)"", ""445.921""]",8
Ge+4_H+1(-4)_DLyxose(2)_OH-1,,"{""bbox_points"": [65.52, 430.32, 532.68, 465.12], ""doi"": ""10.5281/zenodo.7700024"", ""page"": 8, ""source_file"": ""GES.PDF""}",-1,,1,C(10)H(17)Ge(1)O(11),385.868,source column Mol. mass (unit not stated on table),"[""-1"", ""---"", ""1"", ""C(10)H(17)Ge(1)O(11)"", ""385.868""]",8
Ge+4_H+1(-4)_DMannitol(2)_OH-1,,"{""bbox_points"": [65.52, 483.6, 532.68, 518.5200000000001], ""doi"": ""10.5281/zenodo.7700024"", ""page"": 8, ""source_file"": ""GES.PDF""}",-1,,2,C(12)H(25)Ge(1)O(13),449.953,source column Mol. mass (unit not stated on table),"[""-1"", ""---"", ""2"", ""C(12)H(25)Ge(1)O(13)"", ""449.953""]",8
Ge+4_H+1(-4)_DMannose(2)_OH-1,,"{""bbox_points"": [65.52, 536.88, 532.68, 571.8000000000001], ""doi"": ""10.5281/zenodo.7700024"", ""page"": 8, ""source_file"": ""GES.PDF""}",-1,,1,C(12)H(21)Ge(1)O(13),445.921,source column Mol. mass (unit not stated on table),"[""-1"", ""---"", ""1"", ""C(12)H(21)Ge(1)O(13)"", ""445.921""]",8
Ge+4_H+1(-4)_DRibose(2)_OH-1,,"{""bbox_points"": [65.52, 590.2800000000001, 532.68, 625.08], ""doi"": ""10.5281/zenodo.7700024"", ""page"": 8, ""source_file"": ""GES.PDF""}",-1,,1,C(10)H(17)Ge(1)O(11),385.868,source column Mol. mass (unit not stated on table),"[""-1"", ""---"", ""1"", ""C(10)H(17)Ge(1)O(11)"", ""385.868""]",8
Ge+4_H+1(-4)_DSorbitol(2)_OH-1,,"{""bbox_points"": [65.52, 643.5600000000001, 532.68, 678.36], ""doi"": ""10.5281/zenodo.7700024"", ""page"": 8, ""source_file"": ""GES.PDF""}",-1,,2,C(12)H(25)Ge(1)O(13),449.953,source column Mol. mass (unit not stated on table),"[""-1"", ""---"", ""2"", ""C(12)H(25)Ge(1)O(13)"", ""449.953""]",8
Ge+4_H+1(-4)_DXylose(2)_OH-1,,"{""bbox_points"": [65.52, 57.0, 532.68, 91.92000000000002], ""doi"": ""10.5281/zenodo.7700024"", ""page"": 9, ""source_file"": ""GES.PDF""}",-1,,1,C(10)H(17)Ge(1)O(11),385.868,source column Mol. mass (unit not stated on table),"[""-1"", ""---"", ""1"", ""C(10)H(17)Ge(1)O(11)"", ""385.868""]",9
Ge+4_H+1(-4)_EtGlycol_OH-1,,"{""bbox_points"": [65.52, 110.40000000000005, 532.68, 145.20000000000005], ""doi"": ""10.5281/zenodo.7700024"", ""page"": 9, ""source_file"": ""GES.PDF""}",-1,,1,C(2)H(3)Ge(1)O(3),147.674,source column Mol. mass (unit not stated on table),"[""-1"", ""---"", ""1"", ""C(2)H(3)Ge(1)O(3)"", ""147.674""]",9
Ge+4_H+1(-4)_EtGlycol(2)_OH-1,,"{""bbox_points"": [65.52, 163.68000000000006, 532.68, 198.60000000000002], ""doi"": ""10.5281/zenodo.7700024"", ""page"": 9, ""source_file"": ""GES.PDF""}",-1,,1,C(4)H(9)Ge(1)O(5),209.742,source column Mol. mass (unit not stated on table),"[""-1"", ""---"", ""1"", ""C(4)H(9)Ge(1)O(5)"", ""209.742""]",9
Ge+4_H+1(-4)_Galactitol(2)_OH-1,,"{""bbox_points"": [65.52, 216.96000000000004, 532.68, 251.88000000000002], ""doi"": ""10.5281/zenodo.7700024"", ""page"": 9, ""source_file"": ""GES.PDF""}",-1,,2,C(12)H(25)Ge(1)O(13),449.953,source column Mol. mass (unit not stated on table),"[""-1"", ""---"", ""2"", ""C(12)H(25)Ge(1)O(13)"", ""449.953""]",9
Ge+4_H+1(-4)_Glycerol_OH-1,,"{""bbox_points"": [65.52, 270.36, 532.68, 305.16], ""doi"": ""10.5281/zenodo.7700024"", ""page"": 9, ""source_file"": ""GES.PDF""}",-1,,1,C(3)H(5)Ge(1)O(4),177.700,source column Mol. mass (unit not stated on table),"[""-1"", ""---"", ""1"", ""C(3)H(5)Ge(1)O(4)"", ""177.700""]",9
Ge+4_H+1(-4)_Glycerol(2)_OH-1,,"{""bbox_points"": [65.52, 323.64, 532.68, 358.56], ""doi"": ""10.5281/zenodo.7700024"", ""page"": 9, ""source_file"": ""GES.PDF""}",-1,,1,C(6)H(13)Ge(1)O(7),269.795,source column Mol. mass (unit not stated on table),"[""-1"", ""---"", ""1"", ""C(6)H(13)Ge(1)O(7)"", ""269.795""]",9
Ge+4_H+1(-4)_LArabinose(2)_OH-1,,"{""bbox_points"": [65.52, 376.92, 532.68, 411.84], ""doi"": ""10.5281/zenodo.7700024"", ""page"": 9, ""source_file"": ""GES.PDF""}",-1,,1,C(10)H(17)Ge(1)O(11),385.868,source column Mol. mass (unit not stated on table),"[""-1"", ""---"", ""1"", ""C(10)H(17)Ge(1)O(11)"", ""385.868""]",9
Ge+4_H+1(-4)_LRhamnose(2)_OH-1,,"{""bbox_points"": [65.52, 430.32, 532.68, 465.12], ""doi"": ""10.5281/zenodo.7700024"", ""page"": 9, ""source_file"": ""GES.PDF""}",-1,,1,C(12)H(21)Ge(1)O(11),413.922,source column Mol. mass (unit not stated on table),"[""-1"", ""---"", ""1"", ""C(12)H(21)Ge(1)O(11)"", ""413.922""]",9
Ge+4_H+1(-4)_LSorbose(2)_OH-1,,"{""bbox_points"": [65.52, 483.6, 532.68, 518.5200000000001], ""doi"": ""10.5281/zenodo.7700024"", ""page"": 9, ""source_file"": ""GES.PDF""}",-1,,1,C(12)H(21)Ge(1)O(13),445.921,source column Mol. mass (unit not stated on table),"[""-1"", ""---"", ""1"", ""C(12)H(21)Ge(1)O(13)"", ""445.921""]",9
Ge+4_H+1(-6)_Adonitol(3),,"{""bbox_points"": [65.52, 536.88, 532.68, 571.8000000000001], ""doi"": ""10.5281/zenodo.7700024"", ""page"": 9, ""source_file"": ""GES.PDF""}",-2,,1,C(15)H(30)Ge(1)O(15),523.024,source column Mol. mass (unit not stated on table),"[""-2"", ""---"", ""1"", ""C(15)H(30)Ge(1)O(15)"", ""523.024""]",9
Ge+4_H+1(-6)_DGlucose(3),,"{""bbox_points"": [65.52, 590.2800000000001, 532.68, 625.08], ""doi"": ""10.5281/zenodo.7700024"", ""page"": 9, ""source_file"": ""GES.PDF""}",-2,,1,C(18)H(30)Ge(1)O(18),607.055,source column Mol. mass (unit not stated on table),"[""-2"", ""---"", ""1"", ""C(18)H(30)Ge(1)O(18)"", ""607.055""]",9
Ge+4_H+1(-6)_DMannitol(3),,"{""bbox_points"": [65.52, 643.5600000000001, 532.68, 678.36], ""doi"": ""10.5281/zenodo.7700024"", ""page"": 9, ""source_file"": ""GES.PDF""}",-2,,2,C(18)H(36)Ge(1)O(18),613.103,source column Mol. mass (unit not stated on table),"[""-2"", ""---"", ""2"", ""C(18)H(36)Ge(1)O(18)"", ""613.103""]",9
Ge+4_H+1(-6)_DSorbitol(3),,"{""bbox_points"": [65.52, 57.0, 532.68, 91.92000000000002], ""doi"": ""10.5281/zenodo.7700024"", ""page"": 10, ""source_file"": ""GES.PDF""}",-2,,2,C(18)H(36)Ge(1)O(18),613.103,source column Mol. mass (unit not stated on table),"[""-2"", ""---"", ""2"", ""C(18)H(36)Ge(1)O(18)"", ""613.103""]",10
Ge+4_H+1(-6)_Galactitol(3),,"{""bbox_points"": [65.52, 110.40000000000005, 532.68, 145.20000000000005], ""doi"": ""10.5281/zenodo.7700024"", ""page"": 10, ""source_file"": ""GES.PDF""}",-2,,1,C(18)H(36)Ge(1)O(18),613.103,source column Mol. mass (unit not stated on table),"[""-2"", ""---"", ""1"", ""C(18)H(36)Ge(1)O(18)"", ""613.103""]",10
Ge+4_H+1(2)_Mandelic-1(3),,"{""bbox_points"": [65.52, 163.68000000000006, 532.68, 198.60000000000002], ""doi"": ""10.5281/zenodo.7700024"", ""page"": 10, ""source_file"": ""GES.PDF""}",3,,1,C(24)H(23)Ge(1)O(9),528.071,source column Mol. mass (unit not stated on table),"[""3"", ""---"", ""1"", ""C(24)H(23)Ge(1)O(9)"", ""528.071""]",10
Ge+4_H+1(2)_OH-1(2)_Citric-3(2),,"{""bbox_points"": [65.52, 216.96000000000004, 532.68, 251.88000000000002], ""doi"": ""10.5281/zenodo.7700024"", ""page"": 10, ""source_file"": ""GES.PDF""}",-2,,2,C(12)H(14)Ge(1)O(16),486.864,source column Mol. mass (unit not stated on table),"[""-2"", ""---"", ""2"", ""C(12)H(14)Ge(1)O(16)"", ""486.864""]",10
Ge+4_H+1(3)_Gallic-4(3),,"{""bbox_points"": [65.52, 270.36, 532.68, 305.16], ""doi"": ""10.5281/zenodo.7700024"", ""page"": 10, ""source_file"": ""GES.PDF""}",-5,,1,C(21)H(9)Ge(1)O(15),573.924,source column Mol. mass (unit not stated on table),"[""-5"", ""---"", ""1"", ""C(21)H(9)Ge(1)O(15)"", ""573.924""]",10
Ge+4_H+1(3)_OH-1(2)_Citric-3,,"{""bbox_points"": [65.52, 323.64, 532.68, 358.56], ""doi"": ""10.5281/zenodo.7700024"", ""page"": 10, ""source_file"": ""GES.PDF""}",2,,1,C(6)H(10)Ge(1)O(9),298.770,source column Mol. mass (unit not stated on table),"[""2"", ""---"", ""1"", ""C(6)H(10)Ge(1)O(9)"", ""298.770""]",10
Ge+4_H+1(4)_Gallic-4(3),,"{""bbox_points"": [65.52, 376.92, 532.68, 411.84], ""doi"": ""10.5281/zenodo.7700024"", ""page"": 10, ""source_file"": ""GES.PDF""}",-4,,2,C(21)H(10)Ge(1)O(15),574.931,source column Mol. mass (unit not stated on table),"[""-4"", ""---"", ""2"", ""C(21)H(10)Ge(1)O(15)"", ""574.931""]",10
Ge+4_H+1(4)_Tiron-4(2),,"{""bbox_points"": [65.52, 430.32, 532.68, 465.12], ""doi"": ""10.5281/zenodo.7700024"", ""page"": 10, ""source_file"": ""GES.PDF""}",0,,1,C(12)H(8)Ge(1)O(16)S(4),609.056,source column Mol. mass (unit not stated on table),"[""0"", ""---"", ""1"", ""C(12)H(8)Ge(1)O(16)S(4)"", ""609.056""]",10
Ge+4_H+1(5)_Gallic-4(3),,"{""bbox_points"": [65.52, 483.6, 532.68, 518.5200000000001], ""doi"": ""10.5281/zenodo.7700024"", ""page"": 10, ""source_file"": ""GES.PDF""}",-3,,2,C(21)H(11)Ge(1)O(15),575.939,source column Mol. mass (unit not stated on table),"[""-3"", ""---"", ""2"", ""C(21)H(11)Ge(1)O(15)"", ""575.939""]",10
Ge+4_H+1(6)_Gallic-4(3),,"{""bbox_points"": [65.52, 536.88, 532.68, 571.8000000000001], ""doi"": ""10.5281/zenodo.7700024"", ""page"": 10, ""source_file"": ""GES.PDF""}",-2,,2,C(21)H(12)Ge(1)O(15),576.947,source column Mol. mass (unit not stated on table),"[""-2"", ""---"", ""2"", ""C(21)H(12)Ge(1)O(15)"", ""576.947""]",10
Ge+4_H+1(6)_Tiron-4(3),,"{""bbox_points"": [65.52, 590.2800000000001, 532.68, 625.08], ""doi"": ""10.5281/zenodo.7700024"", ""page"": 10, ""source_file"": ""GES.PDF""}",-2,,1,C(18)H(12)Ge(1)O(24)S(6),877.269,source column Mol. mass (unit not stated on table),"[""-2"", ""---"", ""1"", ""C(18)H(12)Ge(1)O(24)S(6)"", ""877.269""]",10
Ge+4_Kojic-1(2)_OH-1(2),,"{""bbox_points"": [65.52, 643.5600000000001, 532.68, 678.36], ""doi"": ""10.5281/zenodo.7700024"", ""page"": 10, ""source_file"": ""GES.PDF""}",0,,1,C(12)H(12)Ge(1)O(10),388.851,source column Mol. mass (unit not stated on table),"[""0"", ""---"", ""1"", ""C(12)H(12)Ge(1)O(10)"", ""388.851""]",10
Ge+4_Kojic-1(3),,"{""bbox_points"": [65.52, 57.0, 532.68, 91.92000000000002], ""doi"": ""10.5281/zenodo.7700024"", ""page"": 11, ""source_file"": ""GES.PDF""}",1,,1,C(18)H(15)Ge(1)O(12),495.940,source column Mol. mass (unit not stated on table),"[""1"", ""---"", ""1"", ""C(18)H(15)Ge(1)O(12)"", ""495.940""]",11
Ge+4_Lactic-1(2)_OH-1(2),,"{""bbox_points"": [65.52, 110.40000000000005, 532.68, 145.20000000000005], ""doi"": ""10.5281/zenodo.7700024"", ""page"": 11, ""source_file"": ""GES.PDF""}",0,,1,C(6)H(12)Ge(1)O(8),284.787,source column Mol. mass (unit not stated on table),"[""0"", ""---"", ""1"", ""C(6)H(12)Ge(1)O(8)"", ""284.787""]",11
Ge+4_Lawsone-1(2)_OH-1(2),,"{""bbox_points"": [65.52, 163.68000000000006, 532.68, 198.60000000000002], ""doi"": ""10.5281/zenodo.7700024"", ""page"": 11, ""source_file"": ""GES.PDF""}",0,,1,C(20)H(12)Ge(1)O(8),452.941,source column Mol. mass (unit not stated on table),"[""0"", ""---"", ""1"", ""C(20)H(12)Ge(1)O(8)"", ""452.941""]",11
Ge+4_Maltol-1(2)_OH-1(2),,"{""bbox_points"": [65.52, 216.96000000000004, 532.68, 251.88000000000002], ""doi"": ""10.5281/zenodo.7700024"", ""page"": 11, ""source_file"": ""GES.PDF""}",0,,1,C(12)H(12)Ge(1)O(8),356.853,source column Mol. mass (unit not stated on table),"[""0"", ""---"", ""1"", ""C(12)H(12)Ge(1)O(8)"", ""356.853""]",11
Ge+4_Maltol-1(3),,"{""bbox_points"": [65.52, 270.36, 532.68, 305.16], ""doi"": ""10.5281/zenodo.7700024"", ""page"": 11, ""source_file"": ""GES.PDF""}",1,,1,C(18)H(15)Ge(1)O(9),447.942,source column Mol. mass (unit not stated on table),"[""1"", ""---"", ""1"", ""C(18)H(15)Ge(1)O(9)"", ""447.942""]",11
Ge+4_Mandelic-1(3),,"{""bbox_points"": [65.52, 323.64, 532.68, 358.56], ""doi"": ""10.5281/zenodo.7700024"", ""page"": 11, ""source_file"": ""GES.PDF""}",1,,1,C(24)H(21)Ge(1)O(9),526.055,source column Mol. mass (unit not stated on table),"[""1"", ""---"", ""1"", ""C(24)H(21)Ge(1)O(9)"", ""526.055""]",11
Ge+4_OH-1,,"{""bbox_points"": [65.52, 376.92, 532.68, 411.84], ""doi"": ""10.5281/zenodo.7700024"", ""page"": 11, ""source_file"": ""GES.PDF""}",3,,1,Ge(1)H(1)O(1),89.6373,source column Mol. mass (unit not stated on table),"[""3"", ""---"", ""1"", ""Ge(1)H(1)O(1)"", ""89.6373""]",11
Ge+4_OH-1_EDTA-4,,"{""bbox_points"": [65.52, 430.32, 532.68, 465.12], ""doi"": ""10.5281/zenodo.7700024"", ""page"": 11, ""source_file"": ""GES.PDF""}",-1,,3,C(10)H(13)Ge(1)N(2)O(9),377.851,source column Mol. mass (unit not stated on table),"[""-1"", ""---"", ""3"", ""C(10)H(13)Ge(1)N(2)O(9)"", ""377.851""]",11
Ge+4_OH-1_MeEDTA-4,,"{""bbox_points"": [65.52, 483.6, 532.68, 518.5200000000001], ""doi"": ""10.5281/zenodo.7700024"", ""page"": 11, ""source_file"": ""GES.PDF""}",-1,,2,C(11)H(15)Ge(1)N(2)O(9),391.878,source column Mol. mass (unit not stated on table),"[""-1"", ""---"", ""2"", ""C(11)H(15)Ge(1)N(2)O(9)"", ""391.878""]",11
Ge+4_OH-1(2),,"{""bbox_points"": [65.52, 536.88, 532.68, 571.8000000000001], ""doi"": ""10.5281/zenodo.7700024"", ""page"": 11, ""source_file"": ""GES.PDF""}",2,,7,Ge(1)H(2)O(2),106.645,source column Mol. mass (unit not stated on table),"[""2"", ""---"", ""7"", ""Ge(1)H(2)O(2)"", ""106.645""]",11
Ge+4_OH-1(2)_Comenic-2(2),,"{""bbox_points"": [65.52, 590.2800000000001, 532.68, 625.08], ""doi"": ""10.5281/zenodo.7700024"", ""page"": 11, ""source_file"": ""GES.PDF""}",-2,,1,C(12)H(6)Ge(1)O(12),414.802,source column Mol. mass (unit not stated on table),"[""-2"", ""---"", ""1"", ""C(12)H(6)Ge(1)O(12)"", ""414.802""]",11
Ge+4_OH-1(2)_Ferron-2(2),,"{""bbox_points"": [65.52, 643.5600000000001, 532.68, 678.36], ""doi"": ""10.5281/zenodo.7700024"", ""page"": 11, ""source_file"": ""GES.PDF""}",-2,,1,C(18)H(10)Ge(1)I(2)N(2)O(10)S(2),804.835,source column Mol. mass (unit not stated on table),"[""-2"", ""---"", ""1"", ""C(18)H(10)Ge(1)I(2)N(2)O(10)S(2)"", ""804.835""]",11
Ge+4_OH-1(2)_NTA-3,,"{""bbox_points"": [65.52, 57.0, 532.68, 91.92000000000002], ""doi"": ""10.5281/zenodo.7700024"", ""page"": 12, ""source_file"": ""GES.PDF""}",-1,,1,C(6)H(8)Ge(1)N(1)O(8),294.761,source column Mol. mass (unit not stated on table),"[""-1"", ""---"", ""1"", ""C(6)H(8)Ge(1)N(1)O(8)"", ""294.761""]",12
Ge+4_OH-1(2)_Oxalic-2(2),,"{""bbox_points"": [65.52, 110.40000000000005, 532.68, 145.20000000000005], ""doi"": ""10.5281/zenodo.7700024"", ""page"": 12, ""source_file"": ""GES.PDF""}",-2,,1,C(4)H(2)Ge(1)O(10),282.684,source column Mol. mass (unit not stated on table),"[""-2"", ""---"", ""1"", ""C(4)H(2)Ge(1)O(10)"", ""282.684""]",12
Ge+4_OH-1(2)_Oxine-1(2),,"{""bbox_points"": [65.52, 163.68000000000006, 532.68, 198.60000000000002], ""doi"": ""10.5281/zenodo.7700024"", ""page"": 12, ""source_file"": ""GES.PDF""}",0,,1,C(18)H(14)Ge(1)N(2)O(4),394.950,source column Mol. mass (unit not stated on table),"[""0"", ""---"", ""1"", ""C(18)H(14)Ge(1)N(2)O(4)"", ""394.950""]",12
Ge+4_OH-1(2)_Sulfox-2(2),,"{""bbox_points"": [65.52, 216.96000000000004, 532.68, 251.88000000000002], ""doi"": ""10.5281/zenodo.7700024"", ""page"": 12, ""source_file"": ""GES.PDF""}",-2,,1,C(18)H(12)Ge(1)N(2)O(10)S(2),553.051,source column Mol. mass (unit not stated on table),"[""-2"", ""---"", ""1"", ""C(18)H(12)Ge(1)N(2)O(10)S(2)"", ""553.051""]",12
Ge+4_OH-1(2)_Tropolone-1(2),,"{""bbox_points"": [65.52, 270.36, 532.68, 305.16], ""doi"": ""10.5281/zenodo.7700024"", ""page"": 12, ""source_file"": ""GES.PDF""}",0,,1,C(14)H(12)Ge(1)O(6),348.876,source column Mol. mass (unit not stated on table),"[""0"", ""---"", ""1"", ""C(14)H(12)Ge(1)O(6)"", ""348.876""]",12
Ge+4_OH-1(3),,"{""bbox_points"": [65.52, 323.64, 532.68, 358.56], ""doi"": ""10.5281/zenodo.7700024"", ""page"": 12, ""source_file"": ""GES.PDF""}",1,,1,Ge(1)H(3)O(3),123.652,source column Mol. mass (unit not stated on table),"[""1"", ""---"", ""1"", ""Ge(1)H(3)O(3)"", ""123.652""]",12
Ge+4_OH-1(3)_Citric-3,,"{""bbox_points"": [65.52, 376.92, 532.68, 411.84], ""doi"": ""10.5281/zenodo.7700024"", ""page"": 12, ""source_file"": ""GES.PDF""}",-2,,2,C(6)H(8)Ge(1)O(10),312.754,source column Mol. mass (unit not stated on table),"[""-2"", ""---"", ""2"", ""C(6)H(8)Ge(1)O(10)"", ""312.754""]",12
Ge+4_OH-1(4),,"{""bbox_points"": [65.52, 430.32, 532.68, 465.12], ""doi"": ""10.5281/zenodo.7700024"", ""page"": 12, ""source_file"": ""GES.PDF""}",0,,86,Ge(1)H(4)O(4),140.659,source column Mol. mass (unit not stated on table),"[""0"", ""---"", ""86"", ""Ge(1)H(4)O(4)"", ""140.659""]",12
Ge+4_Oxalic-2(2),,"{""bbox_points"": [65.52, 483.6, 532.68, 518.5200000000001], ""doi"": ""10.5281/zenodo.7700024"", ""page"": 12, ""source_file"": ""GES.PDF""}",0,,1,C(4)Ge(1)O(8),248.669,source column Mol. mass (unit not stated on table),"[""0"", ""---"", ""1"", ""C(4)Ge(1)O(8)"", ""248.669""]",12
Ge+4_Oxalic-2(3),,"{""bbox_points"": [65.52, 536.88, 532.68, 571.8000000000001], ""doi"": ""10.5281/zenodo.7700024"", ""page"": 12, ""source_file"": ""GES.PDF""}",-2,,1,C(6)Ge(1)O(12),336.689,source column Mol. mass (unit not stated on table),"[""-2"", ""---"", ""1"", ""C(6)Ge(1)O(12)"", ""336.689""]",12
Ge+4_S-2(2)_(s),Germanium(IV) sulfide; Germanium disulfide,"{""bbox_points"": [65.52, 590.2800000000001, 532.68, 635.2800000000001], ""doi"": ""10.5281/zenodo.7700024"", ""page"": 12, ""source_file"": ""GES.PDF""}",0,,2,Ge(1)S(2),136.750,source column Mol. mass (unit not stated on table),"[""0"", ""---"", ""2"", ""Ge(1)S(2)"", ""136.750""]",12
Ge+4_Se-2(2)_(s),Germanium(IV) selenide; Germanium diselenide,"{""bbox_points"": [65.52, 653.76, 532.68, 698.76], ""doi"": ""10.5281/zenodo.7700024"", ""page"": 12, ""source_file"": ""GES.PDF""}",0,,1,Ge(1)Se(2),230.556,source column Mol. mass (unit not stated on table),"[""0"", ""---"", ""1"", ""Ge(1)Se(2)"", ""230.556""]",12
Ge+4_Tiron-4(3),,"{""bbox_points"": [65.52, 57.0, 532.68, 91.92000000000002], ""doi"": ""10.5281/zenodo.7700024"", ""page"": 13, ""source_file"": ""GES.PDF""}",-8,,1,C(18)H(6)Ge(1)O(24)S(6),871.221,source column Mol. mass (unit not stated on table),"[""-8"", ""---"", ""1"", ""C(18)H(6)Ge(1)O(24)S(6)"", ""871.221""]",13
Ge+4_TriEtOlAm_OH-1,,"{""bbox_points"": [65.52, 110.40000000000005, 532.68, 145.20000000000005], ""doi"": ""10.5281/zenodo.7700024"", ""page"": 13, ""source_file"": ""GES.PDF""}",3,,1,C(6)H(16)Ge(1)N(1)O(4),238.827,source column Mol. mass (unit not stated on table),"[""3"", ""---"", ""1"", ""C(6)H(16)Ge(1)N(1)O(4)"", ""238.827""]",13
Ge+4_Tropolone-1(3),,"{""bbox_points"": [65.52, 163.68000000000006, 532.68, 198.60000000000002], ""doi"": ""10.5281/zenodo.7700024"", ""page"": 13, ""source_file"": ""GES.PDF""}",1,,1,C(21)H(15)Ge(1)O(6),435.977,source column Mol. mass (unit not stated on table),"[""1"", ""---"", ""1"", ""C(21)H(15)Ge(1)O(6)"", ""435.977""]",13
Ge+4(8)_OH-1(35),,"{""bbox_points"": [65.52, 216.96000000000004, 532.68, 251.88000000000002], ""doi"": ""10.5281/zenodo.7700024"", ""page"": 13, ""source_file"": ""GES.PDF""}",-3,,2,Ge(8)H(35)O(35),1176.30,source column Mol. mass (unit not stated on table),"[""-3"", ""---"", ""2"", ""Ge(8)H(35)O(35)"", ""1176.30""]",13
Ge(g),Germanium gas,"{""bbox_points"": [65.52, 270.36, 532.68, 315.36], ""doi"": ""10.5281/zenodo.7700024"", ""page"": 13, ""source_file"": ""GES.PDF""}",0,,1,Ge(1),72.6300,source column Mol. mass (unit not stated on table),"[""0"", ""---"", ""1"", ""Ge(1)"", ""72.6300""]",13
Ge(s),"Germanium; Germanium, cubic; Germanium (diamond structure)","{""bbox_points"": [65.52, 333.84000000000003, 532.68, 378.96], ""doi"": ""10.5281/zenodo.7700024"", ""page"": 13, ""source_file"": ""GES.PDF""}",0,7440-56-4,29,Ge(1),72.6300,source column Mol. mass (unit not stated on table),"[""0"", ""7440-56-4"", ""29"", ""Ge(1)"", ""72.6300""]",13
GeCl(g),Germanium chloride gas,"{""bbox_points"": [65.52, 397.32000000000005, 532.68, 442.44000000000005], ""doi"": ""10.5281/zenodo.7700024"", ""page"": 13, ""source_file"": ""GES.PDF""}",0,,1,Cl(1)Ge(1),108.083,source column Mol. mass (unit not stated on table),"[""0"", ""---"", ""1"", ""Cl(1)Ge(1)"", ""108.083""]",13
GeH4(g),Germanium hydride gas; Germanium Hydride,"{""bbox_points"": [65.52, 460.91999999999996, 532.68, 505.91999999999996], ""doi"": ""10.5281/zenodo.7700024"", ""page"": 13, ""source_file"": ""GES.PDF""}",0,7782-65-2,1,Ge(1)H(4),76.6618,source column Mol. mass (unit not stated on table),"[""0"", ""7782-65-2"", ""1"", ""Ge(1)H(4)"", ""76.6618""]",13
GeO+2_DMannitol_OH-1(3),,"{""bbox_points"": [65.52, 524.4, 532.68, 559.2], ""doi"": ""10.5281/zenodo.7700024"", ""page"": 13, ""source_file"": ""GES.PDF""}",-1,,1,C(6)H(17)Ge(1)O(10),321.825,source column Mol. mass (unit not stated on table),"[""-1"", ""---"", ""1"", ""C(6)H(17)Ge(1)O(10)"", ""321.825""]",13
GeO+2_DMannitol(2)_OH-1(3),,"{""bbox_points"": [65.52, 577.6800000000001, 532.68, 612.6], ""doi"": ""10.5281/zenodo.7700024"", ""page"": 13, ""source_file"": ""GES.PDF""}",-1,,1,C(12)H(31)Ge(1)O(16),503.999,source column Mol. mass (unit not stated on table),"[""-1"", ""---"", ""1"", ""C(12)H(31)Ge(1)O(16)"", ""503.999""]",13
GeO+2_H+1_Malic-2(2),,"{""bbox_points"": [65.52, 630.96, 532.68, 665.88], ""doi"": ""10.5281/zenodo.7700024"", ""page"": 13, ""source_file"": ""GES.PDF""}",-1,,1,C(8)H(9)Ge(1)O(11),353.783,source column Mol. mass (unit not stated on table),"[""-1"", ""---"", ""1"", ""C(8)H(9)Ge(1)O(11)"", ""353.783""]",13
GeO+2_H+1(-1)_Glucosaminic-1_OH-1,,"{""bbox_points"": [65.52, 684.36, 532.68, 719.28], ""doi"": ""10.5281/zenodo.7700024"", ""page"": 13, ""source_file"": ""GES.PDF""}",-1,,1,C(6)H(12)Ge(1)N(1)O(8),298.793,source column Mol. mass (unit not stated on table),"[""-1"", ""---"", ""1"", ""C(6)H(12)Ge(1)N(1)O(8)"", ""298.793""]",14
GeO+2_H+1(-1)_Lactic-1(2),,"{""bbox_points"": [65.52, 75.48000000000002, 532.68, 110.40000000000005], ""doi"": ""10.5281/zenodo.7700024"", ""page"": 14, ""source_file"": ""GES.PDF""}",-1,,1,C(6)H(9)Ge(1)O(7),265.763,source column Mol. mass (unit not stated on table),"[""-1"", ""---"", ""1"", ""C(6)H(9)Ge(1)O(7)"", ""265.763""]",14
GeO+2_H+1(-1)_Tartaric-2,,"{""bbox_points"": [65.52, 128.88, 532.68, 163.68000000000006], ""doi"": ""10.5281/zenodo.7700024"", ""page"": 14, ""source_file"": ""GES.PDF""}",-1,,1,C(4)H(3)Ge(1)O(7),235.694,source column Mol. mass (unit not stated on table),"[""-1"", ""---"", ""1"", ""C(4)H(3)Ge(1)O(7)"", ""235.694""]",14
GeO+2_H+1(-2)_Glucosaminic-1_OH-1,,"{""bbox_points"": [65.52, 182.16000000000003, 532.68, 216.96000000000004], ""doi"": ""10.5281/zenodo.7700024"", ""page"": 14, ""source_file"": ""GES.PDF""}",-2,,1,C(6)H(11)Ge(1)N(1)O(8),297.785,source column Mol. mass (unit not stated on table),"[""-2"", ""---"", ""1"", ""C(6)H(11)Ge(1)N(1)O(8)"", ""297.785""]",14
GeO+2_H+1(-3)_DFructose(2),,"{""bbox_points"": [65.52, 235.44000000000005, 532.68, 270.36], ""doi"": ""10.5281/zenodo.7700024"", ""page"": 14, ""source_file"": ""GES.PDF""}",-1,,1,C(12)H(21)Ge(1)O(13),445.921,source column Mol. mass (unit not stated on table),"[""-1"", ""---"", ""1"", ""C(12)H(21)Ge(1)O(13)"", ""445.921""]",14
GeO+2_H+1(-3)_DGalactose(2),,"{""bbox_points"": [65.52, 288.72, 532.68, 323.64], ""doi"": ""10.5281/zenodo.7700024"", ""page"": 14, ""source_file"": ""GES.PDF""}",-1,,1,C(12)H(21)Ge(1)O(13),445.921,source column Mol. mass (unit not stated on table),"[""-1"", ""---"", ""1"", ""C(12)H(21)Ge(1)O(13)"", ""445.921""]",14
GeO+2_H+1(-3)_DGlucose(2),,"{""bbox_points"": [65.52, 342.12, 532.68, 376.92], ""doi"": ""10.5281/zenodo.7700024"", ""page"": 14, ""source_file"": ""GES.PDF""}",-1,,1,C(12)H(21)Ge(1)O(13),445.921,source column Mol. mass (unit not stated on table),"[""-1"", ""---"", ""1"", ""C(12)H(21)Ge(1)O(13)"", ""445.921""]",14
GeO+2_H+1(-3)_DMannose(2),,"{""bbox_points"": [65.52, 395.4, 532.68, 430.32], ""doi"": ""10.5281/zenodo.7700024"", ""page"": 14, ""source_file"": ""GES.PDF""}",-1,,1,C(12)H(21)Ge(1)O(13),445.921,source column Mol. mass (unit not stated on table),"[""-1"", ""---"", ""1"", ""C(12)H(21)Ge(1)O(13)"", ""445.921""]",14
GeO+2_H+1(-3)_LRhamnose(2),,"{""bbox_points"": [65.52, 448.68, 532.68, 483.6], ""doi"": ""10.5281/zenodo.7700024"", ""page"": 14, ""source_file"": ""GES.PDF""}",-1,,1,C(12)H(21)Ge(1)O(11),413.922,source column Mol. mass (unit not stated on table),"[""-1"", ""---"", ""1"", ""C(12)H(21)Ge(1)O(11)"", ""413.922""]",14
GeO+2_H+1(-3)_LSorbose(2),,"{""bbox_points"": [65.52, 502.08000000000004, 532.68, 536.88], ""doi"": ""10.5281/zenodo.7700024"", ""page"": 14, ""source_file"": ""GES.PDF""}",-1,,1,C(12)H(21)Ge(1)O(13),445.921,source column Mol. mass (unit not stated on table),"[""-1"", ""---"", ""1"", ""C(12)H(21)Ge(1)O(13)"", ""445.921""]",14
GeO+2_OH-1(3),,"{""bbox_points"": [65.52, 555.36, 532.68, 590.2800000000001], ""doi"": ""10.5281/zenodo.7700024"", ""page"": 14, ""source_file"": ""GES.PDF""}",-1,,11,Ge(1)H(3)O(4),139.651,source column Mol. mass (unit not stated on table),"[""-1"", ""---"", ""11"", ""Ge(1)H(3)O(4)"", ""139.651""]",14
GeO+2(2)_DMannitol(2)_OH-1(6),,"{""bbox_points"": [65.52, 608.64, 532.68, 643.5600000000001], ""doi"": ""10.5281/zenodo.7700024"", ""page"": 14, ""source_file"": ""GES.PDF""}",-2,,1,C(12)H(34)Ge(2)O(20),643.650,source column Mol. mass (unit not stated on table),"[""-2"", ""---"", ""1"", ""C(12)H(34)Ge(2)O(20)"", ""643.650""]",14
"GeO(black,s)","Germanium(II) oxide, black-brown; Germanium(II) oxide brown","{""bbox_points"": [65.52, 662.0400000000001, 532.68, 707.0400000000001], ""doi"": ""10.5281/zenodo.7700024"", ""page"": 14, ""source_file"": ""GES.PDF""}",0,20619-16-3,4,Ge(1)O(1),88.6294,source column Mol. mass (unit not stated on table),"[""0"", ""20619-16-3"", ""4"", ""Ge(1)O(1)"", ""88.6294""]",15
"GeO(yellow,s)","Germanium(II) oxide, yellow; Germanium(II) oxide yellow","{""bbox_points"": [65.52, 75.48000000000002, 532.68, 120.60000000000002], ""doi"": ""10.5281/zenodo.7700024"", ""page"": 15, ""source_file"": ""GES.PDF""}",0,,1,Ge(1)O(1),88.6294,source column Mol. mass (unit not stated on table),"[""0"", ""---"", ""1"", ""Ge(1)O(1)"", ""88.6294""]",15
GeO2_OH-1(2),,"{""bbox_points"": [65.52, 138.96000000000004, 532.68, 173.88], ""doi"": ""10.5281/zenodo.7700024"", ""page"": 15, ""source_file"": ""GES.PDF""}",-2,,3,Ge(1)H(2)O(4),138.644,source column Mol. mass (unit not stated on table),"[""-2"", ""---"", ""3"", ""Ge(1)H(2)O(4)"", ""138.644""]",15
"GeO2(hexag,s)","Germanium(IV) oxide, hexagonal, white; Germanium(IV) oxide, beta","{""bbox_points"": [65.52, 192.36, 532.68, 237.36000000000004], ""doi"": ""10.5281/zenodo.7700024"", ""page"": 15, ""source_file"": ""GES.PDF""}",0,1310-53-8,7,Ge(1)O(2),104.629,source column Mol. mass (unit not stated on table),"[""0"", ""1310-53-8"", ""7"", ""Ge(1)O(2)"", ""104.629""]",15
"GeO2(tetrag,s)","Argutite; Germanium(IV) oxide, alpha; Germanium dioxide; Germanium(IV) oxide,
tetragonal; Germanium(IV) oxide, rutile-like","{""bbox_points"": [65.52, 255.84000000000006, 532.68, 311.16], ""doi"": ""10.5281/zenodo.7700024"", ""page"": 15, ""source_file"": ""GES.PDF""}",0,,4,Ge(1)O(2),104.629,source column Mol. mass (unit not stated on table),"[""0"", ""---"", ""4"", ""Ge(1)O(2)"", ""104.629""]",15
GeP(s),Germanium phosphide,"{""bbox_points"": [65.52, 329.52000000000004, 532.68, 374.64], ""doi"": ""10.5281/zenodo.7700024"", ""page"": 15, ""source_file"": ""GES.PDF""}",0,,1,Ge(1)P(1),103.604,source column Mol. mass (unit not stated on table),"[""0"", ""---"", ""1"", ""Ge(1)P(1)"", ""103.604""]",15
Glucosaminic-1,,"{""bbox_points"": [65.52, 393.12, 532.68, 427.91999999999996], ""doi"": ""10.5281/zenodo.7700024"", ""page"": 15, ""source_file"": ""GES.PDF""}",-1,,50,C(6)H(12)N(1)O(6),194.164,source column Mol. mass (unit not stated on table),"[""-1"", ""---"", ""50"", ""C(6)H(12)N(1)O(6)"", ""194.164""]",15
Glycerol,"Glycerol; Glycerin; Propane-1,2,3-triol","{""bbox_points"": [65.52, 446.4, 532.68, 491.4], ""doi"": ""10.5281/zenodo.7700024"", ""page"": 15, ""source_file"": ""GES.PDF""}",0,56-81-5,21,C(3)H(8)O(3),92.0947,source column Mol. mass (unit not stated on table),"[""0"", ""56-81-5"", ""21"", ""C(3)H(8)O(3)"", ""92.0947""]",15
H+1,Hydrogen ion; Proton,"{""bbox_points"": [65.52, 509.88, 532.68, 555.0], ""doi"": ""10.5281/zenodo.7700024"", ""page"": 15, ""source_file"": ""GES.PDF""}",1,12408-02-5,31679,H(1),1.00794,source column Mol. mass (unit not stated on table),"[""1"", ""12408-02-5"", ""31679"", ""H(1)"", ""1.00794""]",15
H+1_2SHEtol-1,2-Mercaptoethanol; Mercaptoethanol; Monothioglycol,"{""bbox_points"": [65.52, 573.36, 532.68, 618.48], ""doi"": ""10.5281/zenodo.7700024"", ""page"": 15, ""source_file"": ""GES.PDF""}",0,60-24-2,4,C(2)H(6)O(1)S(1),78.1290,source column Mol. mass (unit not stated on table),"[""0"", ""60-24-2"", ""4"", ""C(2)H(6)O(1)S(1)"", ""78.1290""]",15
H+1_57DiCl8OHQuin-1,"5,7-Dichloro-8-hydroxyquinoline","{""bbox_points"": [65.52, 636.96, 532.68, 681.96], ""doi"": ""10.5281/zenodo.7700024"", ""page"": 15, ""source_file"": ""GES.PDF""}",0,,3,C(9)H(5)Cl(2)N(1)O(1),214.051,source column Mol. mass (unit not stated on table),"[""0"", ""---"", ""3"", ""C(9)H(5)Cl(2)N(1)O(1)"", ""214.051""]",15
H+1_6IKoj-1,6-Iodokojic acid; 3-Hydroxy-6-(hydroxymethyl)-2-iodo-4H-pyran-4-one,"{""bbox_points"": [65.52, 57.0, 532.68, 102.12], ""doi"": ""10.5281/zenodo.7700024"", ""page"": 16, ""source_file"": ""GES.PDF""}",0,,2,C(6)H(5)I(1)O(4),268.003,source column Mol. mass (unit not stated on table),"[""0"", ""---"", ""2"", ""C(6)H(5)I(1)O(4)"", ""268.003""]",16
H+1_8OH2MeQuin-1,8-Hydroxy-2-methylquinoline; 2-Methyl-8-hydroxyquinoline,"{""bbox_points"": [65.52, 120.60000000000002, 532.68, 165.60000000000002], ""doi"": ""10.5281/zenodo.7700024"", ""page"": 16, ""source_file"": ""GES.PDF""}",0,,3,C(10)H(9)N(1)O(1),159.188,source column Mol. mass (unit not stated on table),"[""0"", ""---"", ""3"", ""C(10)H(9)N(1)O(1)"", ""159.188""]",16
H+1_Citric-3,,"{""bbox_points"": [65.52, 184.08000000000004, 532.68, 219.0], ""doi"": ""10.5281/zenodo.7700024"", ""page"": 16, ""source_file"": ""GES.PDF""}",-2,,93,C(6)H(6)O(7),190.109,source column Mol. mass (unit not stated on table),"[""-2"", ""---"", ""93"", ""C(6)H(6)O(7)"", ""190.109""]",16
H+1_ClKojic-1,Chlorokojic acid; 3-Chloro-5-hydroxy-2-hydroxymethyl-4-pyrone,"{""bbox_points"": [65.52, 237.36000000000004, 532.68, 282.48], ""doi"": ""10.5281/zenodo.7700024"", ""page"": 16, ""source_file"": ""GES.PDF""}",0,,2,C(6)H(5)Cl(1)O(4),176.556,source column Mol. mass (unit not stated on table),"[""0"", ""---"", ""2"", ""C(6)H(5)Cl(1)O(4)"", ""176.556""]",16
H+1_Comenic-2,,"{""bbox_points"": [65.52, 300.96, 532.68, 335.76000000000005], ""doi"": ""10.5281/zenodo.7700024"", ""page"": 16, ""source_file"": ""GES.PDF""}",-1,,2,C(6)H(3)O(5),155.087,source column Mol. mass (unit not stated on table),"[""-1"", ""---"", ""2"", ""C(6)H(3)O(5)"", ""155.087""]",16
H+1_F-1,,"{""bbox_points"": [65.52, 354.24, 532.68, 389.04], ""doi"": ""10.5281/zenodo.7700024"", ""page"": 16, ""source_file"": ""GES.PDF""}",0,,142,F(1)H(1),20.0063,source column Mol. mass (unit not stated on table),"[""0"", ""---"", ""142"", ""F(1)H(1)"", ""20.0063""]",16
H+1_Ferron-2,,"{""bbox_points"": [65.52, 407.52000000000004, 532.68, 442.44000000000005], ""doi"": ""10.5281/zenodo.7700024"", ""page"": 16, ""source_file"": ""GES.PDF""}",-1,,6,C(9)H(5)I(1)N(1)O(4)S(1),350.103,source column Mol. mass (unit not stated on table),"[""-1"", ""---"", ""6"", ""C(9)H(5)I(1)N(1)O(4)S(1)"", ""350.103""]",16
H+1_Glycolic-1,,"{""bbox_points"": [65.52, 460.91999999999996, 532.68, 495.71999999999997], ""doi"": ""10.5281/zenodo.7700024"", ""page"": 16, ""source_file"": ""GES.PDF""}",0,,4,C(2)H(4)O(3),76.0520,source column Mol. mass (unit not stated on table),"[""0"", ""---"", ""4"", ""C(2)H(4)O(3)"", ""76.0520""]",16
H+1_Kojic-1,"Kojic acid; 5-Hydroxy-2-hydroxymethyl-4H-pyran-4-one; 5-Hydroxy-2-hydroxymethyl-4-
pyronic acid; 3-Hydroxy-6(hydroxymethyl)-4H-pyran-4-one; 2-Hydroxymethyl-5-hydroxy-
gamma-pyrone; 2-Hydroxy-5-hydroxymethyl-4H-pyran-4-one","{""bbox_points"": [65.52, 514.2, 532.68, 579.6], ""doi"": ""10.5281/zenodo.7700024"", ""page"": 16, ""source_file"": ""GES.PDF""}",0,501-30-4,8,C(6)H(6)O(4),142.111,source column Mol. mass (unit not stated on table),"[""0"", ""501-30-4"", ""8"", ""C(6)H(6)O(4)"", ""142.111""]",16
H+1_Lactic-1,,"{""bbox_points"": [65.52, 598.08, 532.68, 633.0], ""doi"": ""10.5281/zenodo.7700024"", ""page"": 16, ""source_file"": ""GES.PDF""}",0,,14,C(3)H(6)O(3),90.0788,source column Mol. mass (unit not stated on table),"[""0"", ""---"", ""14"", ""C(3)H(6)O(3)"", ""90.0788""]",16
H+1_Lawsone-1,"2-Hydroxy-1,4-naphthoquinone; C.I. 75480; Natural Orange 6","{""bbox_points"": [65.52, 651.36, 532.68, 696.48], ""doi"": ""10.5281/zenodo.7700024"", ""page"": 16, ""source_file"": ""GES.PDF""}",0,83-72-7,3,C(10)H(6)O(3),174.156,source column Mol. mass (unit not stated on table),"[""0"", ""83-72-7"", ""3"", ""C(10)H(6)O(3)"", ""174.156""]",16
H+1_Maltol-1,"Maltol; 3-Hydroxy-2-methyl-4-pyrone; Larixinic acid; 3-Hydroxy-2-methyl-4H-pyran-4-
one; 2-Methyl-3-hydroxy-4-pyrone","{""bbox_points"": [65.52, 57.0, 532.68, 112.32000000000005], ""doi"": ""10.5281/zenodo.7700024"", ""page"": 17, ""source_file"": ""GES.PDF""}",0,118-71-8,8,C(6)H(6)O(3),126.112,source column Mol. mass (unit not stated on table),"[""0"", ""118-71-8"", ""8"", ""C(6)H(6)O(3)"", ""126.112""]",17
H+1_Oxalic-2,,"{""bbox_points"": [65.52, 130.8, 532.68, 165.60000000000002], ""doi"": ""10.5281/zenodo.7700024"", ""page"": 17, ""source_file"": ""GES.PDF""}",-1,,38,C(2)H(1)O(4),89.0275,source column Mol. mass (unit not stated on table),"[""-1"", ""---"", ""38"", ""C(2)H(1)O(4)"", ""89.0275""]",17
H+1_Oxine-1,8-Hydroxyquinoline; 8-Quinolinol; 8-Hydroxy-1-azanaphthalene; Oxine,"{""bbox_points"": [65.52, 184.08000000000004, 532.68, 229.20000000000005], ""doi"": ""10.5281/zenodo.7700024"", ""page"": 17, ""source_file"": ""GES.PDF""}",0,148-24-3,7,C(9)H(7)N(1)O(1),145.161,source column Mol. mass (unit not stated on table),"[""0"", ""148-24-3"", ""7"", ""C(9)H(7)N(1)O(1)"", ""145.161""]",17
H+1_Sulfox-2,,"{""bbox_points"": [65.52, 247.56000000000003, 532.68, 282.48], ""doi"": ""10.5281/zenodo.7700024"", ""page"": 17, ""source_file"": ""GES.PDF""}",-1,,5,C(9)H(6)N(1)O(4)S(1),224.211,source column Mol. mass (unit not stated on table),"[""-1"", ""---"", ""5"", ""C(9)H(6)N(1)O(4)S(1)"", ""224.211""]",17
H+1_Tartaric-2,,"{""bbox_points"": [65.52, 300.96, 532.68, 335.76000000000005], ""doi"": ""10.5281/zenodo.7700024"", ""page"": 17, ""source_file"": ""GES.PDF""}",-1,,39,C(4)H(5)O(6),149.080,source column Mol. mass (unit not stated on table),"[""-1"", ""---"", ""39"", ""C(4)H(5)O(6)"", ""149.080""]",17
H+1_Tropolone-1,"Tropolone; 1-Hydroxycyclohepta-3,5,7-trien-2-one; 2-Hydroxy-2,4,6-cycloheptatrien-1-
one","{""bbox_points"": [65.52, 354.24, 532.68, 409.44], ""doi"": ""10.5281/zenodo.7700024"", ""page"": 17, ""source_file"": ""GES.PDF""}",0,533-75-5,6,C(7)H(6)O(2),122.123,source column Mol. mass (unit not stated on table),"[""0"", ""533-75-5"", ""6"", ""C(7)H(6)O(2)"", ""122.123""]",17
H+1(2)_4ClCat-2,"4-Chlorocatechol; 4-Chloro-1,2-dihydroxybenzene","{""bbox_points"": [65.52, 427.91999999999996, 532.68, 473.0400000000001], ""doi"": ""10.5281/zenodo.7700024"", ""page"": 17, ""source_file"": ""GES.PDF""}",0,,3,C(6)H(5)Cl(1)O(2),144.558,source column Mol. mass (unit not stated on table),"[""0"", ""---"", ""3"", ""C(6)H(5)Cl(1)O(2)"", ""144.558""]",17
H+1(2)_4NitrCat-2,"4-Nitrocatechol; 1,2-Dihydroxy-4-nitrobenzene","{""bbox_points"": [65.52, 491.4, 532.68, 536.52], ""doi"": ""10.5281/zenodo.7700024"", ""page"": 17, ""source_file"": ""GES.PDF""}",0,3316-09-4,9,C(6)H(5)N(1)O(4),155.110,source column Mol. mass (unit not stated on table),"[""0"", ""3316-09-4"", ""9"", ""C(6)H(5)N(1)O(4)"", ""155.110""]",17
H+1(2)_Cat-2,"Pyrocatechol; Catechol; 1,2-Benzenediol; 1,2-Dihydroxybenzene; CAT","{""bbox_points"": [65.52, 555.0, 532.68, 600.0], ""doi"": ""10.5281/zenodo.7700024"", ""page"": 17, ""source_file"": ""GES.PDF""}",0,120-80-9,49,C(6)H(6)O(2),110.112,source column Mol. mass (unit not stated on table),"[""0"", ""120-80-9"", ""49"", ""C(6)H(6)O(2)"", ""110.112""]",17
H+1(2)_Chromotropic-4,,"{""bbox_points"": [65.52, 618.48, 532.68, 653.4], ""doi"": ""10.5281/zenodo.7700024"", ""page"": 17, ""source_file"": ""GES.PDF""}",-2,,9,C(10)H(6)O(8)S(2),318.273,source column Mol. mass (unit not stated on table),"[""-2"", ""---"", ""9"", ""C(10)H(6)O(8)S(2)"", ""318.273""]",17
H+1(2)_Citric-3,,"{""bbox_points"": [65.52, 671.76, 532.68, 706.6800000000001], ""doi"": ""10.5281/zenodo.7700024"", ""page"": 17, ""source_file"": ""GES.PDF""}",-1,,39,C(6)H(7)O(7),191.117,source column Mol. mass (unit not stated on table),"[""-1"", ""---"", ""39"", ""C(6)H(7)O(7)"", ""191.117""]",18
H+1(2)_GeO3-2,,"{""bbox_points"": [65.52, 75.48000000000002, 532.68, 110.40000000000005], ""doi"": ""10.5281/zenodo.7700024"", ""page"": 18, ""source_file"": ""GES.PDF""}",0,,3,Ge(1)H(2)O(3),122.644,source column Mol. mass (unit not stated on table),"[""0"", ""---"", ""3"", ""Ge(1)H(2)O(3)"", ""122.644""]",18
H+1(2)_GeO3-2_(s),,"{""bbox_points"": [65.52, 128.88, 532.68, 163.68000000000006], ""doi"": ""10.5281/zenodo.7700024"", ""page"": 18, ""source_file"": ""GES.PDF""}",0,,1,Ge(1)H(2)O(3),122.644,source column Mol. mass (unit not stated on table),"[""0"", ""---"", ""1"", ""Ge(1)H(2)O(3)"", ""122.644""]",18
H+1(2)_Malic-2,"Malic acid; Hydroxybutanedioic acid; L-Malic acid; L-Hydroxybutandioic acid; (S)-(-)-
Hydroxysuccinic acid; (S)-(-)-Malic acid; 2-Hydroxysuccinic acid; Hydroxyethane-1,2-
dicarboxylic acid","{""bbox_points"": [65.52, 182.16000000000003, 532.68, 247.56000000000003], ""doi"": ""10.5281/zenodo.7700024"", ""page"": 18, ""source_file"": ""GES.PDF""}",0,97-67-6,18,C(4)H(6)O(5),134.089,source column Mol. mass (unit not stated on table),"[""0"", ""97-67-6"", ""18"", ""C(4)H(6)O(5)"", ""134.089""]",18
H+1(2)_NTA-3,,"{""bbox_points"": [65.52, 266.04, 532.68, 300.96], ""doi"": ""10.5281/zenodo.7700024"", ""page"": 18, ""source_file"": ""GES.PDF""}",-1,,4,C(6)H(8)N(1)O(6),190.133,source column Mol. mass (unit not stated on table),"[""-1"", ""---"", ""4"", ""C(6)H(8)N(1)O(6)"", ""190.133""]",18
H+1(2)_Tiron-4,,"{""bbox_points"": [65.52, 319.32000000000005, 532.68, 354.24], ""doi"": ""10.5281/zenodo.7700024"", ""page"": 18, ""source_file"": ""GES.PDF""}",-2,,27,C(6)H(4)O(8)S(2),268.213,source column Mol. mass (unit not stated on table),"[""-2"", ""---"", ""27"", ""C(6)H(4)O(8)S(2)"", ""268.213""]",18
H+1(3)_Citric-3,,"{""bbox_points"": [65.52, 372.72, 532.68, 407.52000000000004], ""doi"": ""10.5281/zenodo.7700024"", ""page"": 18, ""source_file"": ""GES.PDF""}",0,,51,C(6)H(8)O(7),192.125,source column Mol. mass (unit not stated on table),"[""0"", ""---"", ""51"", ""C(6)H(8)O(7)"", ""192.125""]",18
H+1(3)_EDTA-4,,"{""bbox_points"": [65.52, 426.0, 532.68, 460.91999999999996], ""doi"": ""10.5281/zenodo.7700024"", ""page"": 18, ""source_file"": ""GES.PDF""}",-1,,12,C(10)H(15)N(2)O(8),291.238,source column Mol. mass (unit not stated on table),"[""-1"", ""---"", ""12"", ""C(10)H(15)N(2)O(8)"", ""291.238""]",18
H+1(3)_GeO3-2(2),,"{""bbox_points"": [65.52, 479.28000000000003, 532.68, 514.2], ""doi"": ""10.5281/zenodo.7700024"", ""page"": 18, ""source_file"": ""GES.PDF""}",-1,,1,Ge(2)H(3)O(6),244.280,source column Mol. mass (unit not stated on table),"[""-1"", ""---"", ""1"", ""Ge(2)H(3)O(6)"", ""244.280""]",18
H+1(3)_HOEDTA-3,"HOEDTA; HEDTA; Versenol; N-(2-Hydroxyethyl)ethylenediaminetriacetic acid; N-
Carboxymethyl-N'-(2-hydroxyethyl)-N,N'-ethylenediglycine; HEEDTA; N-
(Hydroxyethyl)diaminoethane-N,N',N'-triethanoic acid","{""bbox_points"": [65.52, 532.68, 532.68, 598.08], ""doi"": ""10.5281/zenodo.7700024"", ""page"": 18, ""source_file"": ""GES.PDF""}",0,150-39-0,16,C(10)H(18)N(2)O(7),278.262,source column Mol. mass (unit not stated on table),"[""0"", ""150-39-0"", ""16"", ""C(10)H(18)N(2)O(7)"", ""278.262""]",18
H+1(3)_MeEDTA-4,,"{""bbox_points"": [65.52, 616.5600000000001, 532.68, 651.36], ""doi"": ""10.5281/zenodo.7700024"", ""page"": 18, ""source_file"": ""GES.PDF""}",-1,,3,C(11)H(17)N(2)O(8),305.265,source column Mol. mass (unit not stated on table),"[""-1"", ""---"", ""3"", ""C(11)H(17)N(2)O(8)"", ""305.265""]",18
H+1(3)_TriEtOlAm,,"{""bbox_points"": [65.52, 669.84, 532.68, 704.76], ""doi"": ""10.5281/zenodo.7700024"", ""page"": 18, ""source_file"": ""GES.PDF""}",3,,1,C(6)H(18)N(1)O(3),152.214,source column Mol. mass (unit not stated on table),"[""3"", ""---"", ""1"", ""C(6)H(18)N(1)O(3)"", ""152.214""]",19
H+1(4)_EDTA-4,"Edetic Acid; EDTA; Ethylenediaminetetraacetic acid; N,N'-1,2-Ethanediylbis[N-
(carboxymethyl)glycine; Ethylenedinitrilotetraacetic acid; 1,2-Diamino-N,N,N',N'-
ethane tetraacetic acid; Versene Acid; (1,2-Ethanediyldinitrilo)tetraacetic acid;
H4edta; Sequestric acid","{""bbox_points"": [65.52, 75.48000000000002, 532.68, 151.20000000000005], ""doi"": ""10.5281/zenodo.7700024"", ""page"": 19, ""source_file"": ""GES.PDF""}",0,60-00-4,13,C(10)H(16)N(2)O(8),292.246,source column Mol. mass (unit not stated on table),"[""0"", ""60-00-4"", ""13"", ""C(10)H(16)N(2)O(8)"", ""292.246""]",19
H+1(4)_Gallic-4,"Gallic acid; 3,4,5-Trihydroxybenzoic acid","{""bbox_points"": [65.52, 169.56000000000006, 532.68, 214.68000000000006], ""doi"": ""10.5281/zenodo.7700024"", ""page"": 19, ""source_file"": ""GES.PDF""}",0,149-91-7,16,C(7)H(6)O(5),170.122,source column Mol. mass (unit not stated on table),"[""0"", ""149-91-7"", ""16"", ""C(7)H(6)O(5)"", ""170.122""]",19
H+1(4)_MeEDTA-4,"1,2-Diaminopropane-N,N,N',N'-tetraacetic acid; 1,2-Propylenedinitrilotetraacetic
acid; PDTA (i-propyl); Propylenedinitrilotetraacetic acid; DL-
(Methylethylene)dinitrilotetraacetic acid; Methylethylenediaminetetraacetic acid;
Propylene-1,2-diaminetetraacetic acid; MEDTA (C1-Methyl)","{""bbox_points"": [65.52, 233.16000000000003, 532.68, 308.76000000000005], ""doi"": ""10.5281/zenodo.7700024"", ""page"": 19, ""source_file"": ""GES.PDF""}",0,4408-81-5,2,C(11)H(18)N(2)O(8),306.273,source column Mol. mass (unit not stated on table),"[""0"", ""4408-81-5"", ""2"", ""C(11)H(18)N(2)O(8)"", ""306.273""]",19
H+1(4)_Tiron-4,"Tiron; Catechol-3,5-disulphonic acid; Pyrocatechol-3,5-disulfonic acid; Tiferron;
4,5-Dihydroxy-1,3-benzenedisulfonic acid","{""bbox_points"": [65.52, 327.24, 532.68, 382.44], ""doi"": ""10.5281/zenodo.7700024"", ""page"": 19, ""source_file"": ""GES.PDF""}",0,149-45-1,4,C(6)H(6)O(8)S(2),270.229,source column Mol. mass (unit not stated on table),"[""0"", ""149-45-1"", ""4"", ""C(6)H(6)O(8)S(2)"", ""270.229""]",19
H+1(5)_GeO3-2(3),,"{""bbox_points"": [65.52, 400.92, 532.68, 435.84], ""doi"": ""10.5281/zenodo.7700024"", ""page"": 19, ""source_file"": ""GES.PDF""}",-1,,1,Ge(3)H(5)O(9),366.924,source column Mol. mass (unit not stated on table),"[""-1"", ""---"", ""1"", ""Ge(3)H(5)O(9)"", ""366.924""]",19
H2(g),Hydrogen gas; Hydrogen,"{""bbox_points"": [65.52, 454.2, 532.68, 499.32], ""doi"": ""10.5281/zenodo.7700024"", ""page"": 19, ""source_file"": ""GES.PDF""}",0,1333-74-0,1564,H(2),2.01588,source column Mol. mass (unit not stated on table),"[""0"", ""1333-74-0"", ""1564"", ""H(2)"", ""2.01588""]",19
H2O,Water,"{""bbox_points"": [65.52, 517.8000000000001, 532.68, 562.8000000000001], ""doi"": ""10.5281/zenodo.7700024"", ""page"": 19, ""source_file"": ""GES.PDF""}",0,7732-18-5,5947,H(2)O(1),18.0153,source column Mol. mass (unit not stated on table),"[""0"", ""7732-18-5"", ""5947"", ""H(2)O(1)"", ""18.0153""]",19
LArabinose,L-Arabinose; L(+)-Arabinose; Arabinose L(+),"{""bbox_points"": [65.52, 581.2800000000001, 532.68, 626.2800000000001], ""doi"": ""10.5281/zenodo.7700024"", ""page"": 19, ""source_file"": ""GES.PDF""}",0,87-72-9,4,C(5)H(10)O(5),150.131,source column Mol. mass (unit not stated on table),"[""0"", ""87-72-9"", ""4"", ""C(5)H(10)O(5)"", ""150.131""]",19
LRhamnose,L-Rhamnose; L-Mannomethylose; Isodulcit; alpha-6-Deoxy-L(+)-mannose; 6-Deoxymannose,"{""bbox_points"": [65.52, 644.76, 532.68, 689.88], ""doi"": ""10.5281/zenodo.7700024"", ""page"": 19, ""source_file"": ""GES.PDF""}",0,3615-41-6,8,C(6)H(12)O(5),164.158,source column Mol. mass (unit not stated on table),"[""0"", ""3615-41-6"", ""8"", ""C(6)H(12)O(5)"", ""164.158""]",19
LSorbose,L-Sorbose; L(-)-Sorbose; Sorbose L,"{""bbox_points"": [65.52, 57.0, 532.68, 102.12], ""doi"": ""10.5281/zenodo.7700024"", ""page"": 20, ""source_file"": ""GES.PDF""}",0,87-79-6,7,C(6)H(12)O(6),180.158,source column Mol. mass (unit not stated on table),"[""0"", ""87-79-6"", ""7"", ""C(6)H(12)O(6)"", ""180.158""]",20
O2(g),Oxygen gas; Oxygen,"{""bbox_points"": [65.52, 120.60000000000002, 532.68, 165.60000000000002], ""doi"": ""10.5281/zenodo.7700024"", ""page"": 20, ""source_file"": ""GES.PDF""}",0,7782-44-7,2559,O(2),31.9988,source column Mol. mass (unit not stated on table),"[""0"", ""7782-44-7"", ""2559"", ""O(2)"", ""31.9988""]",20
OH-1,Hydroxide ion,"{""bbox_points"": [65.52, 184.08000000000004, 532.68, 229.20000000000005], ""doi"": ""10.5281/zenodo.7700024"", ""page"": 20, ""source_file"": ""GES.PDF""}",-1,14280-30-9,6558,H(1)O(1),17.0073,source column Mol. mass (unit not stated on table),"[""-1"", ""14280-30-9"", ""6558"", ""H(1)O(1)"", ""17.0073""]",20
Oxalic-2,Oxalate ion,"{""bbox_points"": [65.52, 247.56000000000003, 532.68, 292.68], ""doi"": ""10.5281/zenodo.7700024"", ""page"": 20, ""source_file"": ""GES.PDF""}",-2,338-70-5,1241,C(2)O(4),88.0196,source column Mol. mass (unit not stated on table),"[""-2"", ""338-70-5"", ""1241"", ""C(2)O(4)"", ""88.0196""]",20
P(s),"Phosphorus; Phosphorus, white; Phosphorous, alpha; Phosphorous, cubic","{""bbox_points"": [65.52, 311.16, 532.68, 356.16], ""doi"": ""10.5281/zenodo.7700024"", ""page"": 20, ""source_file"": ""GES.PDF""}",0,7723-14-0,166,P(1),30.9740,source column Mol. mass (unit not stated on table),"[""0"", ""7723-14-0"", ""166"", ""P(1)"", ""30.9740""]",20
S-2,Sulfide ion; Sulphide ion,"{""bbox_points"": [65.52, 374.64, 532.68, 419.64000000000004], ""doi"": ""10.5281/zenodo.7700024"", ""page"": 20, ""source_file"": ""GES.PDF""}",-2,14127-58-3,466,S(1),32.0600,source column Mol. mass (unit not stated on table),"[""-2"", ""14127-58-3"", ""466"", ""S(1)"", ""32.0600""]",20
S(s),"Sulphur, alpha; Sulphur, orthorhombic; Sulphur; Sulfur, alpha; Sulfur, orthorhombic;
Sulfur; Sulfur-Rhmb","{""bbox_points"": [65.52, 438.12, 532.68, 493.43999999999994], ""doi"": ""10.5281/zenodo.7700024"", ""page"": 20, ""source_file"": ""GES.PDF""}",0,7704-34-9,619,S(1),32.0600,source column Mol. mass (unit not stated on table),"[""0"", ""7704-34-9"", ""619"", ""S(1)"", ""32.0600""]",20
Se(s),"Selenium, trigonal; Selenium, grey; Selenium, black; Selenium, gamma; Selenium,
hexagonal (sic)","{""bbox_points"": [65.52, 511.8, 532.68, 567.12], ""doi"": ""10.5281/zenodo.7700024"", ""page"": 20, ""source_file"": ""GES.PDF""}",0,7782-49-2,140,Se(1),78.9630,source column Mol. mass (unit not stated on table),"[""0"", ""7782-49-2"", ""140"", ""Se(1)"", ""78.9630""]",20
Sn(s),"Tin; Tin, white; Tin, tetragonal; Tin, beta","{""bbox_points"": [65.52, 585.6, 532.68, 630.6], ""doi"": ""10.5281/zenodo.7700024"", ""page"": 20, ""source_file"": ""GES.PDF""}",0,7440-31-5,87,Sn(1),118.710,source column Mol. mass (unit not stated on table),"[""0"", ""7440-31-5"", ""87"", ""Sn(1)"", ""118.710""]",20
Tartaric-2,Tartrate ion,"{""bbox_points"": [65.52, 649.08, 532.68, 694.08], ""doi"": ""10.5281/zenodo.7700024"", ""page"": 20, ""source_file"": ""GES.PDF""}",-2,,393,C(4)H(4)O(6),148.072,source column Mol. mass (unit not stated on table),"[""-2"", ""---"", ""393"", ""C(4)H(4)O(6)"", ""148.072""]",20
Te(s),"Tellurium; Tellurium, hexagonal","{""bbox_points"": [65.52, 57.0, 532.68, 102.12], ""doi"": ""10.5281/zenodo.7700024"", ""page"": 21, ""source_file"": ""GES.PDF""}",0,13494-80-9,71,Te(1),127.603,source column Mol. mass (unit not stated on table),"[""0"", ""13494-80-9"", ""71"", ""Te(1)"", ""127.603""]",21
